 ;300441142;EUR;8,46 GBP, 9,70 EUR, 13,11 USD;pricegroup-fr; 
 ;29531;EUR;21,21 GBP, 24,31 EUR, 32,87 USD;pricegroup-fr; 
 ;29532;EUR;21,21 GBP, 24,31 EUR, 32,87 USD;pricegroup-fr; 
 ;29533;EUR;50,96 GBP, 58,40 EUR, 78,98 USD;pricegroup-fr; 
 ;30404;EUR;67,96 GBP, 77,88 EUR, 105,33 USD;pricegroup-fr; 
 ;300047513;EUR;67,96 GBP, 77,88 EUR, 105,33 USD;pricegroup-fr; 
 ;45572;EUR;12,86 GBP, 14,74 EUR, 19,93 USD;pricegroup-fr; 
 ;45573;EUR;30,56 GBP, 35,02 EUR, 47,36 USD;pricegroup-fr; 
 ;45574;EUR;4,26 GBP, 4,88 EUR, 6,60 USD;pricegroup-fr; 
 ;45576;EUR;12,86 GBP, 14,74 EUR, 19,93 USD;pricegroup-fr; 
 ;45577;EUR;5,12 GBP, 5,87 EUR, 7,93 USD;pricegroup-fr; 
 ;300046592;EUR;101,96 GBP, 116,85 EUR, 158,03 USD;pricegroup-fr; 
 ;300005449;EUR;135,96 GBP, 155,81 EUR, 210,73 USD;pricegroup-fr; 
 ;300013358;EUR;16,96 GBP, 19,44 EUR, 26,28 USD;pricegroup-fr; 
 ;300015407;EUR;76,46 GBP, 87,63 EUR, 118,51 USD;pricegroup-fr; 
 ;300020294;EUR;19,51 GBP, 22,36 EUR, 30,24 USD;pricegroup-fr; 
 ;300022348;EUR;42,65 GBP, 48,88 EUR, 66,10 USD;pricegroup-fr; 
 ;300022349;EUR;33,59 GBP, 38,49 EUR, 52,06 USD;pricegroup-fr; 
 ;300022352;EUR;40,99 GBP, 46,98 EUR, 63,53 USD;pricegroup-fr; 
 ;300022356;EUR;29,71 GBP, 34,05 EUR, 46,05 USD;pricegroup-fr; 
 ;300024964;EUR;101,11 GBP, 115,87 EUR, 156,72 USD;pricegroup-fr; 
 ;300040462;EUR;67,96 GBP, 77,88 EUR, 105,33 USD;pricegroup-fr; 
 ;300044323;EUR;29,71 GBP, 34,05 EUR, 46,05 USD;pricegroup-fr; 
 ;300044596;EUR;42,44 GBP, 48,64 EUR, 65,78 USD;pricegroup-fr; 
 ;300044599;EUR;33,96 GBP, 38,92 EUR, 52,63 USD;pricegroup-fr; 
 ;300044600;EUR;39,06 GBP, 44,76 EUR, 60,54 USD;pricegroup-fr; 
 ;300044601;EUR;15,26 GBP, 17,49 EUR, 23,65 USD;pricegroup-fr; 
 ;300044617;EUR;67,96 GBP, 77,88 EUR, 105,33 USD;pricegroup-fr; 
 ;300044623;EUR;84,96 GBP, 97,37 EUR, 131,68 USD;pricegroup-fr; 
 ;300044624;EUR;67,96 GBP, 77,88 EUR, 105,33 USD;pricegroup-fr; 
 ;300045375;EUR;84,96 GBP, 97,37 EUR, 131,68 USD;pricegroup-fr; 
 ;300046522;EUR;33,96 GBP, 38,92 EUR, 52,63 USD;pricegroup-fr; 
 ;300046587;EUR;84,96 GBP, 97,37 EUR, 131,68 USD;pricegroup-fr; 
 ;300051511;EUR;40,63 GBP, 46,56 EUR, 62,97 USD;pricegroup-fr; 
 ;300047195;EUR;84,96 GBP, 97,37 EUR, 131,68 USD;pricegroup-fr; 
 ;300047196;EUR;93,46 GBP, 107,11 EUR, 144,86 USD;pricegroup-fr; 
 ;300047199;EUR;84,96 GBP, 97,37 EUR, 131,68 USD;pricegroup-fr; 
 ;300047436;EUR;89,21 GBP, 102,24 EUR, 138,27 USD;pricegroup-fr; 
 ;300310070;EUR;84,96 GBP, 97,37 EUR, 131,68 USD;pricegroup-fr; 
 ;300310086;EUR;42,46 GBP, 48,66 EUR, 65,81 USD;pricegroup-fr; 
 ;300310163;EUR;50,96 GBP, 58,40 EUR, 78,98 USD;pricegroup-fr; 
 ;300310180;EUR;26,68 GBP, 30,58 EUR, 41,35 USD;pricegroup-fr; 
 ;300310300;EUR;33,96 GBP, 38,92 EUR, 52,63 USD;pricegroup-fr; 
 ;35099;EUR;50,96 GBP , 58,40 EUR;pricegroup-fr; 
 ;35100;EUR;50,96 GBP , 58,40 EUR;pricegroup-fr; 
 ;35101;EUR;50,96 GBP , 58,40 EUR;pricegroup-fr; 
 ;35102;EUR;50,96 GBP , 58,40 EUR;pricegroup-fr; 
 ;35104;EUR;50,96 GBP , 58,40 EUR;pricegroup-fr; 
 ;35105;EUR;50,96 GBP , 58,40 EUR;pricegroup-fr; 
 ;35106;EUR;50,96 GBP , 58,40 EUR;pricegroup-fr; 
 ;35135;EUR;50,96 GBP , 58,40 EUR;pricegroup-fr; 
 ;300147490;EUR;26,68 GBP , 30,58 EUR;pricegroup-fr; 
 ;300147493;EUR;26,68 GBP , 30,58 EUR;pricegroup-fr; 
 ;300147503;EUR;26,68 GBP , 30,58 EUR;pricegroup-fr; 
 ;300147505;EUR;26,68 GBP , 30,58 EUR;pricegroup-fr; 
 ;300020465;EUR;126,61 GBP , 145,10 EUR;pricegroup-fr; 
 ;300020466;EUR;126,61 GBP , 145,10 EUR;pricegroup-fr; 
 ;300026672;EUR;59,46 GBP , 68,14 EUR;pricegroup-fr; 
 ;300026673;EUR;59,46 GBP , 68,14 EUR;pricegroup-fr; 
 ;300026674;EUR;59,46 GBP , 68,14 EUR;pricegroup-fr; 
 ;300026675;EUR;59,46 GBP , 68,14 EUR;pricegroup-fr; 
 ;300026676;EUR;59,46 GBP , 68,14 EUR;pricegroup-fr; 
 ;300026677;EUR;59,46 GBP , 68,14 EUR;pricegroup-fr; 
 ;300026678;EUR;59,46 GBP , 68,14 EUR;pricegroup-fr; 
 ;300036392;EUR;59,46 GBP , 68,14 EUR;pricegroup-fr; 
 ;300036393;EUR;59,46 GBP , 68,14 EUR;pricegroup-fr; 
 ;300036394;EUR;59,46 GBP , 68,14 EUR;pricegroup-fr; 
 ;300062466;EUR;59,46 GBP , 68,14 EUR;pricegroup-fr; 
 ;300076932;EUR;59,46 GBP , 68,14 EUR;pricegroup-fr; 
 ;300076933;EUR;59,46 GBP , 68,14 EUR;pricegroup-fr; 
 ;300076934;EUR;59,46 GBP , 68,14 EUR;pricegroup-fr; 
 ;300076935;EUR;59,46 GBP , 68,14 EUR;pricegroup-fr; 
 ;300076936;EUR;59,46 GBP , 68,14 EUR;pricegroup-fr; 
 ;300026679;EUR;50,96 GBP , 58,40 EUR;pricegroup-fr; 
 ;300026680;EUR;50,96 GBP , 58,40 EUR;pricegroup-fr; 
 ;300026681;EUR;50,96 GBP , 58,40 EUR;pricegroup-fr; 
 ;300026682;EUR;50,96 GBP , 58,40 EUR;pricegroup-fr; 
 ;300026684;EUR;50,96 GBP , 58,40 EUR;pricegroup-fr; 
 ;300026685;EUR;50,96 GBP , 58,40 EUR;pricegroup-fr; 
 ;300026686;EUR;50,96 GBP , 58,40 EUR;pricegroup-fr; 
 ;300026687;EUR;50,96 GBP , 58,40 EUR;pricegroup-fr; 
 ;300026688;EUR;50,96 GBP , 58,40 EUR;pricegroup-fr; 
 ;300026689;EUR;50,96 GBP , 58,40 EUR;pricegroup-fr; 
 ;300026690;EUR;50,96 GBP , 58,40 EUR;pricegroup-fr; 
 ;300026691;EUR;50,96 GBP , 58,40 EUR;pricegroup-fr; 
 ;300068437;EUR;50,96 GBP , 58,40 EUR;pricegroup-fr; 
 ;300040585;EUR;75,61 GBP , 86,65 EUR;pricegroup-fr; 
 ;300060389;EUR;101,11 GBP , 115,87 EUR;pricegroup-fr; 
 ;300062456;EUR;67,96 GBP , 77,88 EUR;pricegroup-fr; 
 ;300060401;EUR;46,71 GBP , 53,53 EUR;pricegroup-fr; 
 ;300066928;EUR;46,71 GBP , 53,53 EUR;pricegroup-fr; 
 ;300046028;EUR;26,68 GBP , 30,58 EUR;pricegroup-fr; 
 ;300046029;EUR;26,68 GBP , 30,58 EUR;pricegroup-fr; 
 ;300046030;EUR;26,68 GBP , 30,58 EUR;pricegroup-fr; 
 ;300046031;EUR;26,68 GBP , 30,58 EUR;pricegroup-fr; 
 ;300046032;EUR;26,68 GBP , 30,58 EUR;pricegroup-fr; 
 ;300046033;EUR;26,68 GBP , 30,58 EUR;pricegroup-fr; 
 ;300046035;EUR;26,68 GBP , 30,58 EUR;pricegroup-fr; 
 ;300067366;EUR;26,68 GBP , 30,58 EUR;pricegroup-fr; 
 ;300067367;EUR;26,68 GBP , 30,58 EUR;pricegroup-fr; 
 ;300067368;EUR;26,68 GBP , 30,58 EUR;pricegroup-fr; 
 ;300067369;EUR;26,68 GBP , 30,58 EUR;pricegroup-fr; 
 ;300067371;EUR;26,68 GBP , 30,58 EUR;pricegroup-fr; 
 ;300067372;EUR;26,68 GBP , 30,58 EUR;pricegroup-fr; 
 ;300046036;EUR;26,68 GBP , 30,58 EUR;pricegroup-fr; 
 ;300046037;EUR;26,68 GBP , 30,58 EUR;pricegroup-fr; 
 ;300046038;EUR;26,68 GBP , 30,58 EUR;pricegroup-fr; 
 ;300046039;EUR;26,68 GBP , 30,58 EUR;pricegroup-fr; 
 ;300046043;EUR;26,68 GBP , 30,58 EUR;pricegroup-fr; 
 ;300052678;EUR;26,68 GBP , 30,58 EUR;pricegroup-fr; 
 ;300067374;EUR;26,68 GBP , 30,58 EUR;pricegroup-fr; 
 ;300067375;EUR;26,68 GBP , 30,58 EUR;pricegroup-fr; 
 ;300067376;EUR;26,68 GBP , 30,58 EUR;pricegroup-fr; 
 ;300067377;EUR;26,68 GBP , 30,58 EUR;pricegroup-fr; 
 ;300076093;EUR;26,68 GBP , 30,58 EUR;pricegroup-fr; 
 ;300076094;EUR;26,68 GBP , 30,58 EUR;pricegroup-fr; 
 ;300147511;EUR;26,68 GBP , 30,58 EUR;pricegroup-fr; 
 ;300147512;EUR;26,68 GBP , 30,58 EUR;pricegroup-fr; 
 ;300147513;EUR;26,68 GBP , 30,58 EUR;pricegroup-fr; 
 ;300050252;EUR;46,71 GBP , 53,53 EUR;pricegroup-fr; 
 ;300050253;EUR;46,71 GBP , 53,53 EUR;pricegroup-fr; 
 ;300050254;EUR;46,71 GBP , 53,53 EUR;pricegroup-fr; 
 ;300050255;EUR;46,71 GBP , 53,53 EUR;pricegroup-fr; 
 ;300050256;EUR;46,71 GBP , 53,53 EUR;pricegroup-fr; 
 ;300050257;EUR;46,71 GBP , 53,53 EUR;pricegroup-fr; 
 ;300050258;EUR;46,71 GBP , 53,53 EUR;pricegroup-fr; 
 ;300065500;EUR;46,71 GBP , 53,53 EUR;pricegroup-fr; 
 ;300065501;EUR;46,71 GBP , 53,53 EUR;pricegroup-fr; 
 ;300150177;EUR;46,71 GBP , 53,53 EUR;pricegroup-fr; 
 ;103410;EUR;64,76 GBP , 79,95 EUR;pricegroup-fr; 
 ;100191;EUR;101,21 GBP , 124,95 EUR;pricegroup-fr; 
 ;94474;EUR;113,36 GBP , 139,95 EUR;pricegroup-fr; 
 ;95385;EUR;129,56 GBP , 159,95 EUR;pricegroup-fr; 
 ;97602;EUR;72,86 GBP , 89,95 EUR;pricegroup-fr; 
 ;94462;EUR;97,16 GBP , 119,95 EUR;pricegroup-fr; 
 ;132871;EUR;485,96 GBP , 599,95 EUR;pricegroup-fr; 
 ;96977;EUR;97,16 GBP , 119,95 EUR;pricegroup-fr; 
 ;96990;EUR;101,21 GBP , 124,95 EUR;pricegroup-fr; 
 ;7907;EUR;80,96 GBP , 99,95 EUR;pricegroup-fr; 
 ;74036;EUR;25,88 GBP , 31,95 EUR;pricegroup-fr; 
 ;5203;EUR;4,01 GBP , 4,95 EUR;pricegroup-fr; 
 ;21618;EUR;12,92 GBP , 15,95 EUR;pricegroup-fr; 
 ;135304;EUR;4,82 GBP , 5,95 EUR;pricegroup-fr; 
 ;102277;EUR;40,46 GBP , 49,95 EUR;pricegroup-fr; 
 ;111160;EUR;20,21 GBP , 24,95 EUR;pricegroup-fr; 
 ;130663;EUR;283,46 GBP , 349,95 EUR;pricegroup-fr; 
 ;117211;EUR;16,16 GBP , 19,95 EUR;pricegroup-fr; 
 ;104668;EUR;14,54 GBP , 17,95 EUR;pricegroup-fr; 
 ;105979;EUR;26,69 GBP , 32,95 EUR;pricegroup-fr; 
 ;96022;EUR;28,31 GBP , 34,95 EUR;pricegroup-fr; 
 ;93762;EUR;14,54 GBP , 17,95 EUR;pricegroup-fr; 
 ;105977;EUR;15,35 GBP , 18,95 EUR;pricegroup-fr; 
 ;100988;EUR;28,31 GBP , 34,95 EUR;pricegroup-fr; 
 ;94172;EUR;16,16 GBP , 19,95 EUR;pricegroup-fr; 
 ;96026;EUR;24,26 GBP , 29,95 EUR;pricegroup-fr; 
 ;111159;EUR;24,26 GBP , 29,95 EUR;pricegroup-fr; 
 ;97693;EUR;24,26 GBP , 29,95 EUR;pricegroup-fr; 
 ;95521;EUR;32,36 GBP , 39,95 EUR;pricegroup-fr; 
 ;95288;EUR;20,21 GBP , 24,95 EUR;pricegroup-fr; 
 ;95290;EUR;17,78 GBP , 21,95 EUR;pricegroup-fr; 
 ;97692;EUR;36,41 GBP , 44,95 EUR;pricegroup-fr; 
 ;95464;EUR;97,16 GBP , 119,95 EUR;pricegroup-fr; 
 ;94491;EUR;97,16 GBP , 119,95 EUR;pricegroup-fr; 
 ;97788;EUR;89,06 GBP , 109,95 EUR;pricegroup-fr; 
 ;94489;EUR;97,16 GBP , 119,95 EUR;pricegroup-fr; 
 ;94714;EUR;97,16 GBP , 119,95 EUR;pricegroup-fr; 
 ;97607;EUR;80,96 GBP , 99,95 EUR;pricegroup-fr; 
 ;94374;EUR;89,06 GBP , 109,95 EUR;pricegroup-fr; 
 ;100378;EUR;275,36 GBP , 339,95 EUR;pricegroup-fr; 
 ;110839;EUR;178,16 GBP , 219,95 EUR;pricegroup-fr; 
 ;101580;EUR;226,76 GBP , 279,95 EUR;pricegroup-fr; 
 ;117452;EUR;307,76 GBP , 379,95 EUR;pricegroup-fr; 
 ;97199;EUR;259,16 GBP , 319,95 EUR;pricegroup-fr; 
 ;108295;EUR;291,56 GBP , 359,95 EUR;pricegroup-fr; 
 ;97252;EUR;161,96 GBP , 199,95 EUR;pricegroup-fr; 
 ;95361;EUR;68,81 GBP , 84,95 EUR;pricegroup-fr; 
 ;102284;EUR;97,16 GBP , 119,95 EUR;pricegroup-fr; 
 ;99063;EUR;68,81 GBP , 84,95 EUR;pricegroup-fr; 
 ;95353;EUR;52,61 GBP , 64,95 EUR;pricegroup-fr; 
 ;95366;EUR;80,96 GBP , 99,95 EUR;pricegroup-fr; 
 ;95367;EUR;52,61 GBP , 64,95 EUR;pricegroup-fr; 
 ;94942;EUR;137,66 GBP , 169,95 EUR;pricegroup-fr; 
 ;107728;EUR;97,16 GBP , 119,95 EUR;pricegroup-fr; 
 ;95453;EUR;44,51 GBP , 54,95 EUR;pricegroup-fr; 
 ;81252;EUR;32,36 GBP , 39,95 EUR;pricegroup-fr; 
 ;98913;EUR;56,66 GBP , 69,95 EUR;pricegroup-fr; 
 ;62001;EUR;44,51 GBP , 54,95 EUR;pricegroup-fr; 
 ;132042;EUR;80,96 GBP , 99,95 EUR;pricegroup-fr; 
 ;98908;EUR;56,66 GBP , 69,95 EUR;pricegroup-fr; 
 ;95446;EUR;56,66 GBP , 69,95 EUR;pricegroup-fr; 
 ;99145;EUR;64,76 GBP , 79,95 EUR;pricegroup-fr; 
 ;95437;EUR;105,26 GBP , 129,95 EUR;pricegroup-fr; 
 ;95438;EUR;89,06 GBP , 109,95 EUR;pricegroup-fr; 
 ;99146;EUR;105,26 GBP , 129,95 EUR;pricegroup-fr; 
 ;103335;EUR;80,96 GBP , 99,95 EUR;pricegroup-fr; 
 ;95424;EUR;113,36 GBP , 139,95 EUR;pricegroup-fr; 
 ;95430;EUR;97,16 GBP , 119,95 EUR;pricegroup-fr; 
 ;95441;EUR;145,76 GBP , 179,95 EUR;pricegroup-fr; 
 ;95490;EUR;105,26 GBP , 129,95 EUR;pricegroup-fr; 
 ;95482;EUR;89,06 GBP , 109,95 EUR;pricegroup-fr; 
 ;99154;EUR;97,16 GBP , 119,95 EUR;pricegroup-fr; 
 ;94382;EUR;80,96 GBP , 99,95 EUR;pricegroup-fr; 
 ;95484;EUR;113,36 GBP , 139,95 EUR;pricegroup-fr; 
 ;100744;EUR;89,06 GBP , 109,95 EUR;pricegroup-fr; 
 ;100124;EUR;153,86 GBP , 189,95 EUR;pricegroup-fr; 
 ;98929;EUR;68,81 GBP , 84,95 EUR;pricegroup-fr; 
 ;100746;EUR;113,36 GBP , 139,95 EUR;pricegroup-fr; 
 ;64389;EUR;64,76 GBP , 79,95 EUR;pricegroup-fr; 
 ;115195;EUR;56,66 GBP , 69,95 EUR;pricegroup-fr; 
 ;111114;EUR;80,96 GBP , 99,95 EUR;pricegroup-fr; 
 ;56802;EUR;202,46 GBP , 249,95 EUR;pricegroup-fr; 
 ;74844;EUR;137,66 GBP , 169,95 EUR;pricegroup-fr; 
 ;51411;EUR;80,96 GBP , 99,95 EUR;pricegroup-fr; 
 ;94063;EUR;404,96 GBP , 499,95 EUR;pricegroup-fr; 
 ;74818;EUR;80,96 GBP , 99,95 EUR;pricegroup-fr; 
 ;115202;EUR;210,56 GBP , 259,95 EUR;pricegroup-fr; 
 ;74825;EUR;129,56 GBP , 159,95 EUR;pricegroup-fr; 
 ;36265;EUR;226,76 GBP , 279,95 EUR;pricegroup-fr; 
 ;43339;EUR;137,66 GBP , 169,95 EUR;pricegroup-fr; 
 ;129704;EUR;105,26 GBP , 129,95 EUR;pricegroup-fr; 
 ;29160;EUR;242,96 GBP , 299,95 EUR;pricegroup-fr; 
 ;104176;EUR;64,76 GBP , 79,95 EUR;pricegroup-fr; 
 ;108803;EUR;17,78 GBP , 21,95 EUR;pricegroup-fr; 
 ;143906;EUR;28,31 GBP , 34,95 EUR;pricegroup-fr; 
 ;121048;EUR;28,31 GBP , 34,95 EUR;pricegroup-fr; 
 ;122320;EUR;24,26 GBP , 29,95 EUR;pricegroup-fr; 
 ;122312;EUR;21,83 GBP , 26,95 EUR;pricegroup-fr; 
 ;122333;EUR;28,31 GBP , 34,95 EUR;pricegroup-fr; 
 ;122340;EUR;30,74 GBP , 37,95 EUR;pricegroup-fr; 
 ;122800;EUR;22,64 GBP , 27,95 EUR;pricegroup-fr; 
 ;122405;EUR;18,59 GBP , 22,95 EUR;pricegroup-fr; 
 ;122412;EUR;20,21 GBP , 24,95 EUR;pricegroup-fr; 
 ;122409;EUR;20,21 GBP , 24,95 EUR;pricegroup-fr; 
 ;122410;EUR;20,21 GBP , 24,95 EUR;pricegroup-fr; 
 ;117080;EUR;12,92 GBP , 15,95 EUR;pricegroup-fr; 
 ;138966;EUR;18,59 GBP , 22,95 EUR;pricegroup-fr; 
 ;140501;EUR;30,74 GBP , 37,95 EUR;pricegroup-fr; 
 ;144862;EUR;20,21 GBP , 24,95 EUR;pricegroup-fr; 
 ;102278;EUR;32,36 GBP , 39,95 EUR;pricegroup-fr; 
 ;129707;EUR;137,66 GBP , 169,95 EUR;pricegroup-fr; 
 ;96502;EUR;72,86 GBP , 89,95 EUR;pricegroup-fr; 
 ;96001;EUR;24,26 GBP , 29,95 EUR;pricegroup-fr; 
 ;104905;EUR;242,96 GBP , 299,95 EUR;pricegroup-fr; 
 ;29867;EUR;558,86 GBP , 689,95 EUR;pricegroup-fr; 
 ;115754;EUR;607,46 GBP , 749,95 EUR;pricegroup-fr; 
 ;115755;EUR;720,86 GBP , 889,95 EUR;pricegroup-fr; 
 ;92961;EUR;153,86 GBP , 189,95 EUR;pricegroup-fr; 
 ;115753;EUR;518,36 GBP , 639,95 EUR;pricegroup-fr; 
 ;5191;EUR;9,68 GBP , 11,95 EUR;pricegroup-fr; 
 ;5191;EUR;9,68 GBP , 11,95 EUR;pricegroup-fr; 
 ;5203;EUR;4,01 GBP , 4,95 EUR;pricegroup-fr; 
 ;5203;EUR;4,01 GBP , 4,95 EUR;pricegroup-fr; 
 ;121868;EUR;44,51 GBP , 54,95 EUR;pricegroup-fr; 
 ;122447;EUR;60,71 GBP , 74,95 EUR;pricegroup-fr; 
 ;83174;EUR;40,46 GBP , 49,95 EUR;pricegroup-fr; 
 ;84574;EUR;24,26 GBP , 29,95 EUR;pricegroup-fr; 
 ;83223;EUR;28,31 GBP , 34,95 EUR;pricegroup-fr; 
 ;118591;EUR;40,46 GBP , 49,95 EUR;pricegroup-fr; 
 ;118603;EUR;52,61 GBP , 64,95 EUR;pricegroup-fr; 
 ;122041;EUR;48,56 GBP , 59,95 EUR;pricegroup-fr; 
 ;118174;EUR;44,51 GBP , 54,95 EUR;pricegroup-fr; 
 ;80147;EUR;44,51 GBP , 54,95 EUR;pricegroup-fr; 
 ;122394;EUR;44,51 GBP , 54,95 EUR;pricegroup-fr; 
 ;118899;EUR;40,46 GBP , 49,95 EUR;pricegroup-fr; 
 ;79536;EUR;24,26 GBP , 29,95 EUR;pricegroup-fr; 
 ;83025;EUR;36,41 GBP , 44,95 EUR;pricegroup-fr; 
 ;92637;EUR;36,41 GBP , 44,95 EUR;pricegroup-fr; 
 ;140467;EUR;40,46 GBP , 49,95 EUR;pricegroup-fr; 
 ;140458;EUR;52,61 GBP , 64,95 EUR;pricegroup-fr; 
 ;121939;EUR;24,26 GBP , 29,95 EUR;pricegroup-fr; 
 ;122784;EUR;28,31 GBP , 34,95 EUR;pricegroup-fr; 
 ;121941;EUR;14,54 GBP , 17,95 EUR;pricegroup-fr; 
 ;121942;EUR;14,54 GBP , 17,95 EUR;pricegroup-fr; 
 ;118720;EUR;20,21 GBP , 24,95 EUR;pricegroup-fr; 
 ;122459;EUR;32,36 GBP , 39,95 EUR;pricegroup-fr; 
 ;122461;EUR;36,41 GBP , 44,95 EUR;pricegroup-fr; 
 ;121924;EUR;44,51 GBP , 54,95 EUR;pricegroup-fr; 
 ;123970;EUR;28,31 GBP , 34,95 EUR;pricegroup-fr; 
 ;124693;EUR;36,41 GBP , 44,95 EUR;pricegroup-fr; 
 ;102153;EUR;1,98 GBP , 2,45 EUR;pricegroup-fr; 
 ;122233;EUR;16,16 GBP , 19,95 EUR;pricegroup-fr; 
 ;122379;EUR;34,79 GBP , 42,95 EUR;pricegroup-fr; 
 ;104396;EUR;1,58 GBP , 1,95 EUR;pricegroup-fr; 
 ;118833;EUR;56,66 GBP , 69,95 EUR;pricegroup-fr; 
 ;104485;EUR;60,71 GBP , 74,95 EUR;pricegroup-fr; 
 ;124267;EUR;40,46 GBP , 49,95 EUR;pricegroup-fr; 
 ;124269;EUR;40,46 GBP , 49,95 EUR;pricegroup-fr; 
 ;124268;EUR;40,46 GBP , 49,95 EUR;pricegroup-fr; 
 ;100402;EUR;24,26 GBP , 29,95 EUR;pricegroup-fr; 
 ;118514;EUR;14,54 GBP , 17,95 EUR;pricegroup-fr; 
 ;115118;EUR;72,86 GBP , 89,95 EUR;pricegroup-fr; 
 ;115117;EUR;72,86 GBP , 89,95 EUR;pricegroup-fr; 
 ;115061;EUR;72,86 GBP , 89,95 EUR;pricegroup-fr; 
 ;122723;EUR;28,31 GBP , 34,95 EUR;pricegroup-fr; 
 ;118693;EUR;20,21 GBP , 24,95 EUR;pricegroup-fr; 
 ;79889;EUR;24,26 GBP , 29,95 EUR;pricegroup-fr; 
 ;63500;EUR;17,78 GBP , 21,95 EUR;pricegroup-fr; 
 ;117909;EUR;28,31 GBP , 34,95 EUR;pricegroup-fr; 
 ;118859;EUR;20,21 GBP , 24,95 EUR;pricegroup-fr; 
 ;118879;EUR;40,46 GBP , 49,95 EUR;pricegroup-fr; 
 ;98851;EUR;20,21 GBP , 24,95 EUR;pricegroup-fr; 
 ;118871;EUR;24,26 GBP , 29,95 EUR;pricegroup-fr; 
 ;117911;EUR;40,46 GBP , 49,95 EUR;pricegroup-fr; 
 ;74010;EUR;17,78 GBP , 21,95 EUR;pricegroup-fr; 
 ;123922;EUR;17,78 GBP , 21,95 EUR;pricegroup-fr; 
 ;98951;EUR;12,92 GBP , 15,95 EUR;pricegroup-fr; 
 ;118313;EUR;28,31 GBP , 34,95 EUR;pricegroup-fr; 
 ;96162;EUR;24,26 GBP , 29,95 EUR;pricegroup-fr; 
 ;122321;EUR;24,26 GBP , 29,95 EUR;pricegroup-fr; 
 ;103088;EUR;20,21 GBP , 24,95 EUR;pricegroup-fr; 
 ;123759;EUR;28,31 GBP , 34,95 EUR;pricegroup-fr; 
 ;122059;EUR;28,31 GBP , 34,95 EUR;pricegroup-fr; 
 ;117896;EUR;28,31 GBP , 34,95 EUR;pricegroup-fr; 
 ;121832;EUR;28,31 GBP , 34,95 EUR;pricegroup-fr; 
 ;118893;EUR;24,26 GBP , 29,95 EUR;pricegroup-fr; 
 ;108803;EUR;17,78 GBP , 21,95 EUR;pricegroup-fr; 
 ;94791;EUR;20,21 GBP , 24,95 EUR;pricegroup-fr; 
 ;99277;EUR;24,26 GBP , 29,95 EUR;pricegroup-fr; 
 ;118894;EUR;24,26 GBP , 29,95 EUR;pricegroup-fr; 
 ;122811;EUR;21,83 GBP , 26,95 EUR;pricegroup-fr; 
 ;122670;EUR;28,31 GBP , 34,95 EUR;pricegroup-fr; 
 ;117900;EUR;28,31 GBP , 34,95 EUR;pricegroup-fr; 
 ;122072;EUR;24,26 GBP , 29,95 EUR;pricegroup-fr; 
 ;117204;EUR;11,30 GBP , 13,95 EUR;pricegroup-fr; 
 ;117210;EUR;11,30 GBP , 13,95 EUR;pricegroup-fr; 
 ;103151;EUR;24,26 GBP , 29,95 EUR;pricegroup-fr; 
 ;117205;EUR;11,30 GBP , 13,95 EUR;pricegroup-fr; 
 ;122074;EUR;36,41 GBP , 44,95 EUR;pricegroup-fr; 
 ;92905;EUR;77,72 GBP , 95,95 EUR;pricegroup-fr; 
 ;96097;EUR;28,31 GBP , 34,95 EUR;pricegroup-fr; 
 ;116623;EUR;485,96 GBP , 599,95 EUR;pricegroup-fr; 
 ;96172;EUR;17,78 GBP , 21,95 EUR;pricegroup-fr; 
 ;94415;EUR;32,36 GBP , 39,95 EUR;pricegroup-fr; 
 ;74036_red;EUR;25,88 GBP , 31,95 EUR;pricegroup-fr; 
 ;21618_-;EUR;12,92 GBP , 15,95 EUR;pricegroup-fr; 
 ;135304_neutral;EUR;4,82 GBP , 5,95 EUR;pricegroup-fr; 
 ;64389_black+white_marble;EUR;64,76 GBP , 79,95 EUR;pricegroup-fr; 
 ;115195_shocking_pink;EUR;56,66 GBP , 69,95 EUR;pricegroup-fr; 
 ;111114_black;EUR;80,96 GBP , 99,95 EUR;pricegroup-fr; 
 ;56802_dark_wood;EUR;202,46 GBP , 249,95 EUR;pricegroup-fr; 
 ;74844_purple+pink+goldenrad;EUR;137,66 GBP , 169,95 EUR;pricegroup-fr; 
 ;94063_matte_black+gold;EUR;404,96 GBP , 499,95 EUR;pricegroup-fr; 
 ;74818_sky_blue;EUR;80,96 GBP , 99,95 EUR;pricegroup-fr; 
 ;74825_gunship;EUR;129,56 GBP , 159,95 EUR;pricegroup-fr; 
 ;96502_dark_smoke;EUR;72,86 GBP , 89,95 EUR;pricegroup-fr; 
 ;118514_grey;EUR;14,54 GBP , 17,95 EUR;pricegroup-fr; 
 ;115118_brown;EUR;72,86 GBP , 89,95 EUR;pricegroup-fr; 
 ;115117_green_bronze_mirror;EUR;72,86 GBP , 89,95 EUR;pricegroup-fr; 
 ;115061_silver_mirror;EUR;72,86 GBP , 89,95 EUR;pricegroup-fr; 
 ;92905_brown_w+bronze_flash;EUR;77,72 GBP , 95,95 EUR;pricegroup-fr; 
 ;300460184;EUR;64,76 GBP , 79,95 EUR;pricegroup-fr; 
 ;300460185;EUR;64,76 GBP , 79,95 EUR;pricegroup-fr; 
 ;300460187;EUR;64,76 GBP , 79,95 EUR;pricegroup-fr; 
 ;300441358;EUR;101,21 GBP , 124,95 EUR;pricegroup-fr; 
 ;300441354;EUR;101,21 GBP , 124,95 EUR;pricegroup-fr; 
 ;300441355;EUR;101,21 GBP , 124,95 EUR;pricegroup-fr; 
 ;300441357;EUR;101,21 GBP , 124,95 EUR;pricegroup-fr; 
 ;300441362;EUR;101,21 GBP , 124,95 EUR;pricegroup-fr; 
 ;300441359;EUR;101,21 GBP , 124,95 EUR;pricegroup-fr; 
 ;300441361;EUR;101,21 GBP , 124,95 EUR;pricegroup-fr; 
 ;300441363;EUR;101,21 GBP , 124,95 EUR;pricegroup-fr; 
 ;300441360;EUR;101,21 GBP , 124,95 EUR;pricegroup-fr; 
 ;300399602;EUR;113,36 GBP , 139,95 EUR;pricegroup-fr; 
 ;300399603;EUR;113,36 GBP , 139,95 EUR;pricegroup-fr; 
 ;300399600;EUR;113,36 GBP , 139,95 EUR;pricegroup-fr; 
 ;300399601;EUR;113,36 GBP , 139,95 EUR;pricegroup-fr; 
 ;300399590;EUR;113,36 GBP , 139,95 EUR;pricegroup-fr; 
 ;300399588;EUR;113,36 GBP , 139,95 EUR;pricegroup-fr; 
 ;300399589;EUR;113,36 GBP , 139,95 EUR;pricegroup-fr; 
 ;300399596;EUR;113,36 GBP , 139,95 EUR;pricegroup-fr; 
 ;300410966;EUR;129,56 GBP , 159,95 EUR;pricegroup-fr; 
 ;300410980;EUR;129,56 GBP , 159,95 EUR;pricegroup-fr; 
 ;300410977;EUR;129,56 GBP , 159,95 EUR;pricegroup-fr; 
 ;300410976;EUR;129,56 GBP , 159,95 EUR;pricegroup-fr; 
 ;300410974;EUR;129,56 GBP , 159,95 EUR;pricegroup-fr; 
 ;300410962;EUR;129,56 GBP , 159,95 EUR;pricegroup-fr; 
 ;300427202;EUR;72,86 GBP , 89,95 EUR;pricegroup-fr; 
 ;300427203;EUR;72,86 GBP , 89,95 EUR;pricegroup-fr; 
 ;300427205;EUR;72,86 GBP , 89,95 EUR;pricegroup-fr; 
 ;300427204;EUR;72,86 GBP , 89,95 EUR;pricegroup-fr; 
 ;300405673;EUR;97,16 GBP , 119,95 EUR;pricegroup-fr; 
 ;300399419;EUR;97,16 GBP , 119,95 EUR;pricegroup-fr; 
 ;300399418;EUR;97,16 GBP , 119,95 EUR;pricegroup-fr; 
 ;300399421;EUR;97,16 GBP , 119,95 EUR;pricegroup-fr; 
 ;300399420;EUR;97,16 GBP , 119,95 EUR;pricegroup-fr; 
 ;300399429;EUR;97,16 GBP , 119,95 EUR;pricegroup-fr; 
 ;300399428;EUR;97,16 GBP , 119,95 EUR;pricegroup-fr; 
 ;300678854;EUR;485,96 GBP , 599,95 EUR;pricegroup-fr; 
 ;300678853;EUR;485,96 GBP , 599,95 EUR;pricegroup-fr; 
 ;300678852;EUR;485,96 GBP , 599,95 EUR;pricegroup-fr; 
 ;300678856;EUR;485,96 GBP , 599,95 EUR;pricegroup-fr; 
 ;300678855;EUR;485,96 GBP , 599,95 EUR;pricegroup-fr; 
 ;300678851;EUR;485,96 GBP , 599,95 EUR;pricegroup-fr; 
 ;300678848;EUR;485,96 GBP , 599,95 EUR;pricegroup-fr; 
 ;300678849;EUR;485,96 GBP , 599,95 EUR;pricegroup-fr; 
 ;300678847;EUR;485,96 GBP , 599,95 EUR;pricegroup-fr; 
 ;300678850;EUR;485,96 GBP , 599,95 EUR;pricegroup-fr; 
 ;300423279;EUR;97,16 GBP , 119,95 EUR;pricegroup-fr; 
 ;300423278;EUR;97,16 GBP , 119,95 EUR;pricegroup-fr; 
 ;300423287;EUR;97,16 GBP , 119,95 EUR;pricegroup-fr; 
 ;300423288;EUR;97,16 GBP , 119,95 EUR;pricegroup-fr; 
 ;300423285;EUR;97,16 GBP , 119,95 EUR;pricegroup-fr; 
 ;300423284;EUR;97,16 GBP , 119,95 EUR;pricegroup-fr; 
 ;300423286;EUR;97,16 GBP , 119,95 EUR;pricegroup-fr; 
 ;300423281;EUR;97,16 GBP , 119,95 EUR;pricegroup-fr; 
 ;300423282;EUR;97,16 GBP , 119,95 EUR;pricegroup-fr; 
 ;300423381;EUR;101,21 GBP , 124,95 EUR;pricegroup-fr; 
 ;300423382;EUR;101,21 GBP , 124,95 EUR;pricegroup-fr; 
 ;300423388;EUR;101,21 GBP , 124,95 EUR;pricegroup-fr; 
 ;300423387;EUR;101,21 GBP , 124,95 EUR;pricegroup-fr; 
 ;300423386;EUR;101,21 GBP , 124,95 EUR;pricegroup-fr; 
 ;300423385;EUR;101,21 GBP , 124,95 EUR;pricegroup-fr; 
 ;10176;EUR;80,96 GBP , 99,95 EUR;pricegroup-fr; 
 ;13105;EUR;4,01 GBP , 4,95 EUR;pricegroup-fr; 
 ;13106;EUR;4,01 GBP , 4,95 EUR;pricegroup-fr; 
 ;300453357;EUR;40,46 GBP , 49,95 EUR;pricegroup-fr; 
 ;300453356;EUR;40,46 GBP , 49,95 EUR;pricegroup-fr; 
 ;300453365;EUR;40,46 GBP , 49,95 EUR;pricegroup-fr; 
 ;300453379;EUR;40,46 GBP , 49,95 EUR;pricegroup-fr; 
 ;300453378;EUR;40,46 GBP , 49,95 EUR;pricegroup-fr; 
 ;300453377;EUR;40,46 GBP , 49,95 EUR;pricegroup-fr; 
 ;300453372;EUR;40,46 GBP , 49,95 EUR;pricegroup-fr; 
 ;300453375;EUR;40,46 GBP , 49,95 EUR;pricegroup-fr; 
 ;300453374;EUR;40,46 GBP , 49,95 EUR;pricegroup-fr; 
 ;300453373;EUR;40,46 GBP , 49,95 EUR;pricegroup-fr; 
 ;300552791;EUR;40,46 GBP , 49,95 EUR;pricegroup-fr; 
 ;300453380;EUR;40,46 GBP , 49,95 EUR;pricegroup-fr; 
 ;300453361;EUR;40,46 GBP , 49,95 EUR;pricegroup-fr; 
 ;300453363;EUR;40,46 GBP , 49,95 EUR;pricegroup-fr; 
 ;300453371;EUR;40,46 GBP , 49,95 EUR;pricegroup-fr; 
 ;300453370;EUR;40,46 GBP , 49,95 EUR;pricegroup-fr; 
 ;300453369;EUR;40,46 GBP , 49,95 EUR;pricegroup-fr; 
 ;300453368;EUR;40,46 GBP , 49,95 EUR;pricegroup-fr; 
 ;300568072;EUR;40,46 GBP , 49,95 EUR;pricegroup-fr; 
 ;300515780;EUR;20,21 GBP , 24,95 EUR;pricegroup-fr; 
 ;300515779;EUR;20,21 GBP , 24,95 EUR;pricegroup-fr; 
 ;300659388;EUR;283,46 GBP , 349,95 EUR;pricegroup-fr; 
 ;300564393;EUR;16,16 GBP , 19,95 EUR;pricegroup-fr; 
 ;300564391;EUR;16,16 GBP , 19,95 EUR;pricegroup-fr; 
 ;300564394;EUR;16,16 GBP , 19,95 EUR;pricegroup-fr; 
 ;300564395;EUR;16,16 GBP , 19,95 EUR;pricegroup-fr; 
 ;300564392;EUR;16,16 GBP , 19,95 EUR;pricegroup-fr; 
 ;300466684;EUR;14,54 GBP , 17,95 EUR;pricegroup-fr; 
 ;300466683;EUR;14,54 GBP , 17,95 EUR;pricegroup-fr; 
 ;300466682;EUR;14,54 GBP , 17,95 EUR;pricegroup-fr; 
 ;300466677;EUR;14,54 GBP , 17,95 EUR;pricegroup-fr; 
 ;300466679;EUR;14,54 GBP , 17,95 EUR;pricegroup-fr; 
 ;300466680;EUR;14,54 GBP , 17,95 EUR;pricegroup-fr; 
 ;300466685;EUR;14,54 GBP , 17,95 EUR;pricegroup-fr; 
 ;300466681;EUR;14,54 GBP , 17,95 EUR;pricegroup-fr; 
 ;300466678;EUR;14,54 GBP , 17,95 EUR;pricegroup-fr; 
 ;300476956;EUR;26,69 GBP , 32,95 EUR;pricegroup-fr; 
 ;300476952;EUR;26,69 GBP , 32,95 EUR;pricegroup-fr; 
 ;300476954;EUR;26,69 GBP , 32,95 EUR;pricegroup-fr; 
 ;300476951;EUR;26,69 GBP , 32,95 EUR;pricegroup-fr; 
 ;300476955;EUR;26,69 GBP , 32,95 EUR;pricegroup-fr; 
 ;300476953;EUR;26,69 GBP , 32,95 EUR;pricegroup-fr; 
 ;300415715;EUR;28,31 GBP , 34,95 EUR;pricegroup-fr; 
 ;300415711;EUR;28,31 GBP , 34,95 EUR;pricegroup-fr; 
 ;300415708;EUR;28,31 GBP , 34,95 EUR;pricegroup-fr; 
 ;300415714;EUR;28,31 GBP , 34,95 EUR;pricegroup-fr; 
 ;300415712;EUR;28,31 GBP , 34,95 EUR;pricegroup-fr; 
 ;300415713;EUR;28,31 GBP , 34,95 EUR;pricegroup-fr; 
 ;300415709;EUR;28,31 GBP , 34,95 EUR;pricegroup-fr; 
 ;300415716;EUR;28,31 GBP , 34,95 EUR;pricegroup-fr; 
 ;300415710;EUR;28,31 GBP , 34,95 EUR;pricegroup-fr; 
 ;300395982;EUR;14,54 GBP , 17,95 EUR;pricegroup-fr; 
 ;300395985;EUR;14,54 GBP , 17,95 EUR;pricegroup-fr; 
 ;300395984;EUR;14,54 GBP , 17,95 EUR;pricegroup-fr; 
 ;300395983;EUR;14,54 GBP , 17,95 EUR;pricegroup-fr; 
 ;300476945;EUR;15,35 GBP , 18,95 EUR;pricegroup-fr; 
 ;300476944;EUR;15,35 GBP , 18,95 EUR;pricegroup-fr; 
 ;300476947;EUR;15,35 GBP , 18,95 EUR;pricegroup-fr; 
 ;300476946;EUR;15,35 GBP , 18,95 EUR;pricegroup-fr; 
 ;300649655;EUR;28,31 GBP , 34,95 EUR;pricegroup-fr; 
 ;300444080;EUR;28,31 GBP , 34,95 EUR;pricegroup-fr; 
 ;300396667;EUR;16,16 GBP , 19,95 EUR;pricegroup-fr; 
 ;300415739;EUR;24,26 GBP , 29,95 EUR;pricegroup-fr; 
 ;300415740;EUR;24,26 GBP , 29,95 EUR;pricegroup-fr; 
 ;300415737;EUR;24,26 GBP , 29,95 EUR;pricegroup-fr; 
 ;300689176;EUR;24,26 GBP , 29,95 EUR;pricegroup-fr; 
 ;300689175;EUR;24,26 GBP , 29,95 EUR;pricegroup-fr; 
 ;300689173;EUR;24,26 GBP , 29,95 EUR;pricegroup-fr; 
 ;300427744;EUR;24,26 GBP , 29,95 EUR;pricegroup-fr; 
 ;300427743;EUR;24,26 GBP , 29,95 EUR;pricegroup-fr; 
 ;300427741;EUR;24,26 GBP , 29,95 EUR;pricegroup-fr; 
 ;300427735;EUR;24,26 GBP , 29,95 EUR;pricegroup-fr; 
 ;300427734;EUR;24,26 GBP , 29,95 EUR;pricegroup-fr; 
 ;300427747;EUR;24,26 GBP , 29,95 EUR;pricegroup-fr; 
 ;300427739;EUR;24,26 GBP , 29,95 EUR;pricegroup-fr; 
 ;300414556;EUR;32,36 GBP , 39,95 EUR;pricegroup-fr; 
 ;300414555;EUR;32,36 GBP , 39,95 EUR;pricegroup-fr; 
 ;300414553;EUR;32,36 GBP , 39,95 EUR;pricegroup-fr; 
 ;300414539;EUR;32,36 GBP , 39,95 EUR;pricegroup-fr; 
 ;300414538;EUR;32,36 GBP , 39,95 EUR;pricegroup-fr; 
 ;300414541;EUR;32,36 GBP , 39,95 EUR;pricegroup-fr; 
 ;300414540;EUR;32,36 GBP , 39,95 EUR;pricegroup-fr; 
 ;300414562;EUR;32,36 GBP , 39,95 EUR;pricegroup-fr; 
 ;300414561;EUR;32,36 GBP , 39,95 EUR;pricegroup-fr; 
 ;300414566;EUR;32,36 GBP , 39,95 EUR;pricegroup-fr; 
 ;300414564;EUR;32,36 GBP , 39,95 EUR;pricegroup-fr; 
 ;300414563;EUR;32,36 GBP , 39,95 EUR;pricegroup-fr; 
 ;300414545;EUR;32,36 GBP , 39,95 EUR;pricegroup-fr; 
 ;300414551;EUR;32,36 GBP , 39,95 EUR;pricegroup-fr; 
 ;300409038;EUR;20,21 GBP , 24,95 EUR;pricegroup-fr; 
 ;300409040;EUR;20,21 GBP , 24,95 EUR;pricegroup-fr; 
 ;300409039;EUR;20,21 GBP , 24,95 EUR;pricegroup-fr; 
 ;300409041;EUR;20,21 GBP , 24,95 EUR;pricegroup-fr; 
 ;300409068;EUR;17,78 GBP , 21,95 EUR;pricegroup-fr; 
 ;300409069;EUR;17,78 GBP , 21,95 EUR;pricegroup-fr; 
 ;300409062;EUR;17,78 GBP , 21,95 EUR;pricegroup-fr; 
 ;300409066;EUR;17,78 GBP , 21,95 EUR;pricegroup-fr; 
 ;300409067;EUR;17,78 GBP , 21,95 EUR;pricegroup-fr; 
 ;300409065;EUR;17,78 GBP , 21,95 EUR;pricegroup-fr; 
 ;300427732;EUR;36,41 GBP , 44,95 EUR;pricegroup-fr; 
 ;300427730;EUR;36,41 GBP , 44,95 EUR;pricegroup-fr; 
 ;300427731;EUR;36,41 GBP , 44,95 EUR;pricegroup-fr; 
 ;300660287;EUR;36,41 GBP , 44,95 EUR;pricegroup-fr; 
 ;300427729;EUR;36,41 GBP , 44,95 EUR;pricegroup-fr; 
 ;300413166;EUR;97,16 GBP , 119,95 EUR;pricegroup-fr; 
 ;300413170;EUR;97,16 GBP , 119,95 EUR;pricegroup-fr; 
 ;300413181;EUR;97,16 GBP , 119,95 EUR;pricegroup-fr; 
 ;300413180;EUR;97,16 GBP , 119,95 EUR;pricegroup-fr; 
 ;300413127;EUR;97,16 GBP , 119,95 EUR;pricegroup-fr; 
 ;300413124;EUR;97,16 GBP , 119,95 EUR;pricegroup-fr; 
 ;300413138;EUR;97,16 GBP , 119,95 EUR;pricegroup-fr; 
 ;300413139;EUR;97,16 GBP , 119,95 EUR;pricegroup-fr; 
 ;300413162;EUR;97,16 GBP , 119,95 EUR;pricegroup-fr; 
 ;300413163;EUR;97,16 GBP , 119,95 EUR;pricegroup-fr; 
 ;300413151;EUR;97,16 GBP , 119,95 EUR;pricegroup-fr; 
 ;300413144;EUR;97,16 GBP , 119,95 EUR;pricegroup-fr; 
 ;300413142;EUR;97,16 GBP , 119,95 EUR;pricegroup-fr; 
 ;300413132;EUR;97,16 GBP , 119,95 EUR;pricegroup-fr; 
 ;300413175;EUR;97,16 GBP , 119,95 EUR;pricegroup-fr; 
 ;300399859;EUR;97,16 GBP , 119,95 EUR;pricegroup-fr; 
 ;300399886;EUR;97,16 GBP , 119,95 EUR;pricegroup-fr; 
 ;300399883;EUR;97,16 GBP , 119,95 EUR;pricegroup-fr; 
 ;300399877;EUR;97,16 GBP , 119,95 EUR;pricegroup-fr; 
 ;300399865;EUR;97,16 GBP , 119,95 EUR;pricegroup-fr; 
 ;300460375;EUR;89,06 GBP , 109,95 EUR;pricegroup-fr; 
 ;300460373;EUR;89,06 GBP , 109,95 EUR;pricegroup-fr; 
 ;300460374;EUR;89,06 GBP , 109,95 EUR;pricegroup-fr; 
 ;300428253;EUR;89,06 GBP , 109,95 EUR;pricegroup-fr; 
 ;300428252;EUR;89,06 GBP , 109,95 EUR;pricegroup-fr; 
 ;300428251;EUR;89,06 GBP , 109,95 EUR;pricegroup-fr; 
 ;300428250;EUR;89,06 GBP , 109,95 EUR;pricegroup-fr; 
 ;300428256;EUR;89,06 GBP , 109,95 EUR;pricegroup-fr; 
 ;300428255;EUR;89,06 GBP , 109,95 EUR;pricegroup-fr; 
 ;300428254;EUR;89,06 GBP , 109,95 EUR;pricegroup-fr; 
 ;300399822;EUR;97,16 GBP , 119,95 EUR;pricegroup-fr; 
 ;300399823;EUR;97,16 GBP , 119,95 EUR;pricegroup-fr; 
 ;300399824;EUR;97,16 GBP , 119,95 EUR;pricegroup-fr; 
 ;300399821;EUR;97,16 GBP , 119,95 EUR;pricegroup-fr; 
 ;300399834;EUR;97,16 GBP , 119,95 EUR;pricegroup-fr; 
 ;300402732;EUR;97,16 GBP , 119,95 EUR;pricegroup-fr; 
 ;300402743;EUR;97,16 GBP , 119,95 EUR;pricegroup-fr; 
 ;300402746;EUR;97,16 GBP , 119,95 EUR;pricegroup-fr; 
 ;300402745;EUR;97,16 GBP , 119,95 EUR;pricegroup-fr; 
 ;300402768;EUR;97,16 GBP , 119,95 EUR;pricegroup-fr; 
 ;300402767;EUR;97,16 GBP , 119,95 EUR;pricegroup-fr; 
 ;300402727;EUR;97,16 GBP , 119,95 EUR;pricegroup-fr; 
 ;300427243;EUR;80,96 GBP , 99,95 EUR;pricegroup-fr; 
 ;300427245;EUR;80,96 GBP , 99,95 EUR;pricegroup-fr; 
 ;300427238;EUR;80,96 GBP , 99,95 EUR;pricegroup-fr; 
 ;300427239;EUR;80,96 GBP , 99,95 EUR;pricegroup-fr; 
 ;300427241;EUR;80,96 GBP , 99,95 EUR;pricegroup-fr; 
 ;300427240;EUR;80,96 GBP , 99,95 EUR;pricegroup-fr; 
 ;300427237;EUR;80,96 GBP , 99,95 EUR;pricegroup-fr; 
 ;300427236;EUR;80,96 GBP , 99,95 EUR;pricegroup-fr; 
 ;300427249;EUR;80,96 GBP , 99,95 EUR;pricegroup-fr; 
 ;300398347;EUR;89,06 GBP , 109,95 EUR;pricegroup-fr; 
 ;300398350;EUR;89,06 GBP , 109,95 EUR;pricegroup-fr; 
 ;300398348;EUR;89,06 GBP , 109,95 EUR;pricegroup-fr; 
 ;300398337;EUR;89,06 GBP , 109,95 EUR;pricegroup-fr; 
 ;300398365;EUR;89,06 GBP , 109,95 EUR;pricegroup-fr; 
 ;300398366;EUR;89,06 GBP , 109,95 EUR;pricegroup-fr; 
 ;300398368;EUR;89,06 GBP , 109,95 EUR;pricegroup-fr; 
 ;300398341;EUR;89,06 GBP , 109,95 EUR;pricegroup-fr; 
 ;300398342;EUR;89,06 GBP , 109,95 EUR;pricegroup-fr; 
 ;300441900;EUR;275,36 GBP , 339,95 EUR;pricegroup-fr; 
 ;300515235;EUR;178,16 GBP , 219,95 EUR;pricegroup-fr; 
 ;300447989;EUR;226,76 GBP , 279,95 EUR;pricegroup-fr; 
 ;300564864;EUR;307,76 GBP , 379,95 EUR;pricegroup-fr; 
 ;300568569;EUR;307,76 GBP , 379,95 EUR;pricegroup-fr; 
 ;300423665;EUR;259,16 GBP , 319,95 EUR;pricegroup-fr; 
 ;300423664;EUR;259,16 GBP , 319,95 EUR;pricegroup-fr; 
 ;300494175;EUR;291,56 GBP , 359,95 EUR;pricegroup-fr; 
 ;300494174;EUR;291,56 GBP , 359,95 EUR;pricegroup-fr; 
 ;300423718;EUR;161,96 GBP , 199,95 EUR;pricegroup-fr; 
 ;300423720;EUR;161,96 GBP , 199,95 EUR;pricegroup-fr; 
 ;300410422;EUR;68,81 GBP , 84,95 EUR;pricegroup-fr; 
 ;300410410;EUR;68,81 GBP , 84,95 EUR;pricegroup-fr; 
 ;300410412;EUR;68,81 GBP , 84,95 EUR;pricegroup-fr; 
 ;300410409;EUR;68,81 GBP , 84,95 EUR;pricegroup-fr; 
 ;300410400;EUR;68,81 GBP , 84,95 EUR;pricegroup-fr; 
 ;300410407;EUR;68,81 GBP , 84,95 EUR;pricegroup-fr; 
 ;300410415;EUR;68,81 GBP , 84,95 EUR;pricegroup-fr; 
 ;300453455;EUR;97,16 GBP , 119,95 EUR;pricegroup-fr; 
 ;300453457;EUR;97,16 GBP , 119,95 EUR;pricegroup-fr; 
 ;300438590;EUR;68,81 GBP , 84,95 EUR;pricegroup-fr; 
 ;300438592;EUR;68,81 GBP , 84,95 EUR;pricegroup-fr; 
 ;300438589;EUR;68,81 GBP , 84,95 EUR;pricegroup-fr; 
 ;300410253;EUR;52,61 GBP , 64,95 EUR;pricegroup-fr; 
 ;300410252;EUR;52,61 GBP , 64,95 EUR;pricegroup-fr; 
 ;300410258;EUR;52,61 GBP , 64,95 EUR;pricegroup-fr; 
 ;300410523;EUR;80,96 GBP , 99,95 EUR;pricegroup-fr; 
 ;300410520;EUR;80,96 GBP , 99,95 EUR;pricegroup-fr; 
 ;300410529;EUR;80,96 GBP , 99,95 EUR;pricegroup-fr; 
 ;300410542;EUR;52,61 GBP , 64,95 EUR;pricegroup-fr; 
 ;300410535;EUR;52,61 GBP , 64,95 EUR;pricegroup-fr; 
 ;300410538;EUR;52,61 GBP , 64,95 EUR;pricegroup-fr; 
 ;300405281;EUR;137,66 GBP , 169,95 EUR;pricegroup-fr; 
 ;300491716;EUR;97,16 GBP , 119,95 EUR;pricegroup-fr; 
 ;300491715;EUR;97,16 GBP , 119,95 EUR;pricegroup-fr; 
 ;300412839;EUR;44,51 GBP , 54,95 EUR;pricegroup-fr; 
 ;300412823;EUR;44,51 GBP , 54,95 EUR;pricegroup-fr; 
 ;300412824;EUR;44,51 GBP , 54,95 EUR;pricegroup-fr; 
 ;300412827;EUR;44,51 GBP , 54,95 EUR;pricegroup-fr; 
 ;300412826;EUR;44,51 GBP , 54,95 EUR;pricegroup-fr; 
 ;300412834;EUR;44,51 GBP , 54,95 EUR;pricegroup-fr; 
 ;300412836;EUR;44,51 GBP , 54,95 EUR;pricegroup-fr; 
 ;300412816;EUR;44,51 GBP , 54,95 EUR;pricegroup-fr; 
 ;300412813;EUR;44,51 GBP , 54,95 EUR;pricegroup-fr; 
 ;300412830;EUR;44,51 GBP , 54,95 EUR;pricegroup-fr; 
 ;300412831;EUR;44,51 GBP , 54,95 EUR;pricegroup-fr; 
 ;300412829;EUR;44,51 GBP , 54,95 EUR;pricegroup-fr; 
 ;300412828;EUR;44,51 GBP , 54,95 EUR;pricegroup-fr; 
 ;300412843;EUR;44,51 GBP , 54,95 EUR;pricegroup-fr; 
 ;300412818;EUR;44,51 GBP , 54,95 EUR;pricegroup-fr; 
 ;300412848;EUR;44,51 GBP , 54,95 EUR;pricegroup-fr; 
 ;300321401;EUR;32,36 GBP , 39,95 EUR;pricegroup-fr; 
 ;300321391;EUR;32,36 GBP , 39,95 EUR;pricegroup-fr; 
 ;300438086;EUR;56,66 GBP , 69,95 EUR;pricegroup-fr; 
 ;300438085;EUR;56,66 GBP , 69,95 EUR;pricegroup-fr; 
 ;300192012;EUR;44,51 GBP , 54,95 EUR;pricegroup-fr; 
 ;300673824;EUR;80,96 GBP , 99,95 EUR;pricegroup-fr; 
 ;300438056;EUR;56,66 GBP , 69,95 EUR;pricegroup-fr; 
 ;300438055;EUR;56,66 GBP , 69,95 EUR;pricegroup-fr; 
 ;300438057;EUR;56,66 GBP , 69,95 EUR;pricegroup-fr; 
 ;300438062;EUR;56,66 GBP , 69,95 EUR;pricegroup-fr; 
 ;300438061;EUR;56,66 GBP , 69,95 EUR;pricegroup-fr; 
 ;300752454;EUR;56,66 GBP , 69,95 EUR;pricegroup-fr; 
 ;300438060;EUR;56,66 GBP , 69,95 EUR;pricegroup-fr; 
 ;300438059;EUR;56,66 GBP , 69,95 EUR;pricegroup-fr; 
 ;300671343;EUR;56,66 GBP , 69,95 EUR;pricegroup-fr; 
 ;300412628;EUR;56,66 GBP , 69,95 EUR;pricegroup-fr; 
 ;300412632;EUR;56,66 GBP , 69,95 EUR;pricegroup-fr; 
 ;300412635;EUR;56,66 GBP , 69,95 EUR;pricegroup-fr; 
 ;300412637;EUR;56,66 GBP , 69,95 EUR;pricegroup-fr; 
 ;300412615;EUR;56,66 GBP , 69,95 EUR;pricegroup-fr; 
 ;300412612;EUR;56,66 GBP , 69,95 EUR;pricegroup-fr; 
 ;300660327;EUR;64,76 GBP , 79,95 EUR;pricegroup-fr; 
 ;300660325;EUR;64,76 GBP , 79,95 EUR;pricegroup-fr; 
 ;300660329;EUR;64,76 GBP , 79,95 EUR;pricegroup-fr; 
 ;300660313;EUR;64,76 GBP , 79,95 EUR;pricegroup-fr; 
 ;300660315;EUR;64,76 GBP , 79,95 EUR;pricegroup-fr; 
 ;300438775;EUR;64,76 GBP , 79,95 EUR;pricegroup-fr; 
 ;300412398;EUR;105,26 GBP , 129,95 EUR;pricegroup-fr; 
 ;300412399;EUR;105,26 GBP , 129,95 EUR;pricegroup-fr; 
 ;300412397;EUR;105,26 GBP , 129,95 EUR;pricegroup-fr; 
 ;300412396;EUR;105,26 GBP , 129,95 EUR;pricegroup-fr; 
 ;300412395;EUR;105,26 GBP , 129,95 EUR;pricegroup-fr; 
 ;300412400;EUR;105,26 GBP , 129,95 EUR;pricegroup-fr; 
 ;300412415;EUR;105,26 GBP , 129,95 EUR;pricegroup-fr; 
 ;300412416;EUR;105,26 GBP , 129,95 EUR;pricegroup-fr; 
 ;300412417;EUR;105,26 GBP , 129,95 EUR;pricegroup-fr; 
 ;300412418;EUR;105,26 GBP , 129,95 EUR;pricegroup-fr; 
 ;300412407;EUR;105,26 GBP , 129,95 EUR;pricegroup-fr; 
 ;300412409;EUR;105,26 GBP , 129,95 EUR;pricegroup-fr; 
 ;300412408;EUR;105,26 GBP , 129,95 EUR;pricegroup-fr; 
 ;300412411;EUR;105,26 GBP , 129,95 EUR;pricegroup-fr; 
 ;300412412;EUR;105,26 GBP , 129,95 EUR;pricegroup-fr; 
 ;300412424;EUR;105,26 GBP , 129,95 EUR;pricegroup-fr; 
 ;300412420;EUR;105,26 GBP , 129,95 EUR;pricegroup-fr; 
 ;300412421;EUR;105,26 GBP , 129,95 EUR;pricegroup-fr; 
 ;300412419;EUR;105,26 GBP , 129,95 EUR;pricegroup-fr; 
 ;300412378;EUR;105,26 GBP , 129,95 EUR;pricegroup-fr; 
 ;300412379;EUR;105,26 GBP , 129,95 EUR;pricegroup-fr; 
 ;300412377;EUR;105,26 GBP , 129,95 EUR;pricegroup-fr; 
 ;300412380;EUR;105,26 GBP , 129,95 EUR;pricegroup-fr; 
 ;300412387;EUR;105,26 GBP , 129,95 EUR;pricegroup-fr; 
 ;300412384;EUR;105,26 GBP , 129,95 EUR;pricegroup-fr; 
 ;300412383;EUR;105,26 GBP , 129,95 EUR;pricegroup-fr; 
 ;300412386;EUR;105,26 GBP , 129,95 EUR;pricegroup-fr; 
 ;300412401;EUR;105,26 GBP , 129,95 EUR;pricegroup-fr; 
 ;300412403;EUR;105,26 GBP , 129,95 EUR;pricegroup-fr; 
 ;300412402;EUR;105,26 GBP , 129,95 EUR;pricegroup-fr; 
 ;300412405;EUR;105,26 GBP , 129,95 EUR;pricegroup-fr; 
 ;300412404;EUR;105,26 GBP , 129,95 EUR;pricegroup-fr; 
 ;300412392;EUR;105,26 GBP , 129,95 EUR;pricegroup-fr; 
 ;300412431;EUR;89,06 GBP , 109,95 EUR;pricegroup-fr; 
 ;300412432;EUR;89,06 GBP , 109,95 EUR;pricegroup-fr; 
 ;300412433;EUR;89,06 GBP , 109,95 EUR;pricegroup-fr; 
 ;300412434;EUR;89,06 GBP , 109,95 EUR;pricegroup-fr; 
 ;300412435;EUR;89,06 GBP , 109,95 EUR;pricegroup-fr; 
 ;300412444;EUR;89,06 GBP , 109,95 EUR;pricegroup-fr; 
 ;300412450;EUR;89,06 GBP , 109,95 EUR;pricegroup-fr; 
 ;300412451;EUR;89,06 GBP , 109,95 EUR;pricegroup-fr; 
 ;300412449;EUR;89,06 GBP , 109,95 EUR;pricegroup-fr; 
 ;300412453;EUR;89,06 GBP , 109,95 EUR;pricegroup-fr; 
 ;300412426;EUR;89,06 GBP , 109,95 EUR;pricegroup-fr; 
 ;300412427;EUR;89,06 GBP , 109,95 EUR;pricegroup-fr; 
 ;300412425;EUR;89,06 GBP , 109,95 EUR;pricegroup-fr; 
 ;300412429;EUR;89,06 GBP , 109,95 EUR;pricegroup-fr; 
 ;300412437;EUR;89,06 GBP , 109,95 EUR;pricegroup-fr; 
 ;300412438;EUR;89,06 GBP , 109,95 EUR;pricegroup-fr; 
 ;300412439;EUR;89,06 GBP , 109,95 EUR;pricegroup-fr; 
 ;300412457;EUR;89,06 GBP , 109,95 EUR;pricegroup-fr; 
 ;300412455;EUR;89,06 GBP , 109,95 EUR;pricegroup-fr; 
 ;300438786;EUR;105,26 GBP , 129,95 EUR;pricegroup-fr; 
 ;300438785;EUR;105,26 GBP , 129,95 EUR;pricegroup-fr; 
 ;300438788;EUR;105,26 GBP , 129,95 EUR;pricegroup-fr; 
 ;300438789;EUR;105,26 GBP , 129,95 EUR;pricegroup-fr; 
 ;300438790;EUR;105,26 GBP , 129,95 EUR;pricegroup-fr; 
 ;300438791;EUR;105,26 GBP , 129,95 EUR;pricegroup-fr; 
 ;300438779;EUR;105,26 GBP , 129,95 EUR;pricegroup-fr; 
 ;300438780;EUR;105,26 GBP , 129,95 EUR;pricegroup-fr; 
 ;300438781;EUR;105,26 GBP , 129,95 EUR;pricegroup-fr; 
 ;300459773;EUR;80,96 GBP , 99,95 EUR;pricegroup-fr; 
 ;300459774;EUR;80,96 GBP , 99,95 EUR;pricegroup-fr; 
 ;300459772;EUR;80,96 GBP , 99,95 EUR;pricegroup-fr; 
 ;300459760;EUR;80,96 GBP , 99,95 EUR;pricegroup-fr; 
 ;300459761;EUR;80,96 GBP , 99,95 EUR;pricegroup-fr; 
 ;300459762;EUR;80,96 GBP , 99,95 EUR;pricegroup-fr; 
 ;300459763;EUR;80,96 GBP , 99,95 EUR;pricegroup-fr; 
 ;300459769;EUR;80,96 GBP , 99,95 EUR;pricegroup-fr; 
 ;300459767;EUR;80,96 GBP , 99,95 EUR;pricegroup-fr; 
 ;300459766;EUR;80,96 GBP , 99,95 EUR;pricegroup-fr; 
 ;300412020;EUR;113,36 GBP , 139,95 EUR;pricegroup-fr; 
 ;300412021;EUR;113,36 GBP , 139,95 EUR;pricegroup-fr; 
 ;300412018;EUR;113,36 GBP , 139,95 EUR;pricegroup-fr; 
 ;300412017;EUR;113,36 GBP , 139,95 EUR;pricegroup-fr; 
 ;300412019;EUR;113,36 GBP , 139,95 EUR;pricegroup-fr; 
 ;300412012;EUR;113,36 GBP , 139,95 EUR;pricegroup-fr; 
 ;300412016;EUR;113,36 GBP , 139,95 EUR;pricegroup-fr; 
 ;300412033;EUR;113,36 GBP , 139,95 EUR;pricegroup-fr; 
 ;300412034;EUR;113,36 GBP , 139,95 EUR;pricegroup-fr; 
 ;300412203;EUR;97,16 GBP , 119,95 EUR;pricegroup-fr; 
 ;300412202;EUR;97,16 GBP , 119,95 EUR;pricegroup-fr; 
 ;300412210;EUR;97,16 GBP , 119,95 EUR;pricegroup-fr; 
 ;300412209;EUR;97,16 GBP , 119,95 EUR;pricegroup-fr; 
 ;300412211;EUR;97,16 GBP , 119,95 EUR;pricegroup-fr; 
 ;300412215;EUR;97,16 GBP , 119,95 EUR;pricegroup-fr; 
 ;300412216;EUR;97,16 GBP , 119,95 EUR;pricegroup-fr; 
 ;300412214;EUR;97,16 GBP , 119,95 EUR;pricegroup-fr; 
 ;300412192;EUR;97,16 GBP , 119,95 EUR;pricegroup-fr; 
 ;300412190;EUR;97,16 GBP , 119,95 EUR;pricegroup-fr; 
 ;300412221;EUR;97,16 GBP , 119,95 EUR;pricegroup-fr; 
 ;300412518;EUR;145,76 GBP , 179,95 EUR;pricegroup-fr; 
 ;300412508;EUR;145,76 GBP , 179,95 EUR;pricegroup-fr; 
 ;300413975;EUR;105,26 GBP , 129,95 EUR;pricegroup-fr; 
 ;300414015;EUR;105,26 GBP , 129,95 EUR;pricegroup-fr; 
 ;300414011;EUR;105,26 GBP , 129,95 EUR;pricegroup-fr; 
 ;300413992;EUR;105,26 GBP , 129,95 EUR;pricegroup-fr; 
 ;300413988;EUR;105,26 GBP , 129,95 EUR;pricegroup-fr; 
 ;300413987;EUR;105,26 GBP , 129,95 EUR;pricegroup-fr; 
 ;300414030;EUR;105,26 GBP , 129,95 EUR;pricegroup-fr; 
 ;300414032;EUR;105,26 GBP , 129,95 EUR;pricegroup-fr; 
 ;300413982;EUR;105,26 GBP , 129,95 EUR;pricegroup-fr; 
 ;300414005;EUR;105,26 GBP , 129,95 EUR;pricegroup-fr; 
 ;300414006;EUR;105,26 GBP , 129,95 EUR;pricegroup-fr; 
 ;300414025;EUR;105,26 GBP , 129,95 EUR;pricegroup-fr; 
 ;300414022;EUR;105,26 GBP , 129,95 EUR;pricegroup-fr; 
 ;300413994;EUR;105,26 GBP , 129,95 EUR;pricegroup-fr; 
 ;300413997;EUR;105,26 GBP , 129,95 EUR;pricegroup-fr; 
 ;300414001;EUR;105,26 GBP , 129,95 EUR;pricegroup-fr; 
 ;300413748;EUR;89,06 GBP , 109,95 EUR;pricegroup-fr; 
 ;300413745;EUR;89,06 GBP , 109,95 EUR;pricegroup-fr; 
 ;300413752;EUR;89,06 GBP , 109,95 EUR;pricegroup-fr; 
 ;300413751;EUR;89,06 GBP , 109,95 EUR;pricegroup-fr; 
 ;300413754;EUR;89,06 GBP , 109,95 EUR;pricegroup-fr; 
 ;300413753;EUR;89,06 GBP , 109,95 EUR;pricegroup-fr; 
 ;300413756;EUR;89,06 GBP , 109,95 EUR;pricegroup-fr; 
 ;300413740;EUR;89,06 GBP , 109,95 EUR;pricegroup-fr; 
 ;300413735;EUR;89,06 GBP , 109,95 EUR;pricegroup-fr; 
 ;300413733;EUR;89,06 GBP , 109,95 EUR;pricegroup-fr; 
 ;300413737;EUR;89,06 GBP , 109,95 EUR;pricegroup-fr; 
 ;300413738;EUR;89,06 GBP , 109,95 EUR;pricegroup-fr; 
 ;300413732;EUR;89,06 GBP , 109,95 EUR;pricegroup-fr; 
 ;300413728;EUR;89,06 GBP , 109,95 EUR;pricegroup-fr; 
 ;300413759;EUR;89,06 GBP , 109,95 EUR;pricegroup-fr; 
 ;300438822;EUR;97,16 GBP , 119,95 EUR;pricegroup-fr; 
 ;300438830;EUR;97,16 GBP , 119,95 EUR;pricegroup-fr; 
 ;300438826;EUR;97,16 GBP , 119,95 EUR;pricegroup-fr; 
 ;300438824;EUR;97,16 GBP , 119,95 EUR;pricegroup-fr; 
 ;300438825;EUR;97,16 GBP , 119,95 EUR;pricegroup-fr; 
 ;300438823;EUR;97,16 GBP , 119,95 EUR;pricegroup-fr; 
 ;300398573;EUR;80,96 GBP , 99,95 EUR;pricegroup-fr; 
 ;300398572;EUR;80,96 GBP , 99,95 EUR;pricegroup-fr; 
 ;300398581;EUR;80,96 GBP , 99,95 EUR;pricegroup-fr; 
 ;300398577;EUR;80,96 GBP , 99,95 EUR;pricegroup-fr; 
 ;300398578;EUR;80,96 GBP , 99,95 EUR;pricegroup-fr; 
 ;300398595;EUR;80,96 GBP , 99,95 EUR;pricegroup-fr; 
 ;300398593;EUR;80,96 GBP , 99,95 EUR;pricegroup-fr; 
 ;300398592;EUR;80,96 GBP , 99,95 EUR;pricegroup-fr; 
 ;300398591;EUR;80,96 GBP , 99,95 EUR;pricegroup-fr; 
 ;300398587;EUR;80,96 GBP , 99,95 EUR;pricegroup-fr; 
 ;300398588;EUR;80,96 GBP , 99,95 EUR;pricegroup-fr; 
 ;300413797;EUR;113,36 GBP , 139,95 EUR;pricegroup-fr; 
 ;300413785;EUR;113,36 GBP , 139,95 EUR;pricegroup-fr; 
 ;300413812;EUR;113,36 GBP , 139,95 EUR;pricegroup-fr; 
 ;300413811;EUR;113,36 GBP , 139,95 EUR;pricegroup-fr; 
 ;300413810;EUR;113,36 GBP , 139,95 EUR;pricegroup-fr; 
 ;300413807;EUR;113,36 GBP , 139,95 EUR;pricegroup-fr; 
 ;300442966;EUR;89,06 GBP , 109,95 EUR;pricegroup-fr; 
 ;300442964;EUR;89,06 GBP , 109,95 EUR;pricegroup-fr; 
 ;300441239;EUR;153,86 GBP , 189,95 EUR;pricegroup-fr; 
 ;300438151;EUR;68,81 GBP , 84,95 EUR;pricegroup-fr; 
 ;300442975;EUR;113,36 GBP , 139,95 EUR;pricegroup-fr; 
 ;300122650;EUR;80,96 GBP , 99,95 EUR;pricegroup-fr; 
 ;300555911;EUR;210,56 GBP , 259,95 EUR;pricegroup-fr; 
 ;300047289;EUR;226,76 GBP , 279,95 EUR;pricegroup-fr; 
 ;300079332;EUR;137,66 GBP , 169,95 EUR;pricegroup-fr; 
 ;300649633;EUR;105,26 GBP , 129,95 EUR;pricegroup-fr; 
 ;300028090;EUR;242,96 GBP , 299,95 EUR;pricegroup-fr; 
 ;300464996;EUR;64,76 GBP , 79,95 EUR;pricegroup-fr; 
 ;300464995;EUR;64,76 GBP , 79,95 EUR;pricegroup-fr; 
 ;300495181;EUR;17,78 GBP , 21,95 EUR;pricegroup-fr; 
 ;300495178;EUR;17,78 GBP , 21,95 EUR;pricegroup-fr; 
 ;300495175;EUR;17,78 GBP , 21,95 EUR;pricegroup-fr; 
 ;300760753;EUR;28,31 GBP , 34,95 EUR;pricegroup-fr; 
 ;300760752;EUR;28,31 GBP , 34,95 EUR;pricegroup-fr; 
 ;300760755;EUR;28,31 GBP , 34,95 EUR;pricegroup-fr; 
 ;300760754;EUR;28,31 GBP , 34,95 EUR;pricegroup-fr; 
 ;300589206;EUR;28,31 GBP , 34,95 EUR;pricegroup-fr; 
 ;300737417;EUR;24,26 GBP , 29,95 EUR;pricegroup-fr; 
 ;300737415;EUR;24,26 GBP , 29,95 EUR;pricegroup-fr; 
 ;300737414;EUR;24,26 GBP , 29,95 EUR;pricegroup-fr; 
 ;300613255;EUR;24,26 GBP , 29,95 EUR;pricegroup-fr; 
 ;300613254;EUR;24,26 GBP , 29,95 EUR;pricegroup-fr; 
 ;300737419;EUR;24,26 GBP , 29,95 EUR;pricegroup-fr; 
 ;300613253;EUR;24,26 GBP , 29,95 EUR;pricegroup-fr; 
 ;300613251;EUR;24,26 GBP , 29,95 EUR;pricegroup-fr; 
 ;300613250;EUR;24,26 GBP , 29,95 EUR;pricegroup-fr; 
 ;300613252;EUR;24,26 GBP , 29,95 EUR;pricegroup-fr; 
 ;300737411;EUR;24,26 GBP , 29,95 EUR;pricegroup-fr; 
 ;300613249;EUR;24,26 GBP , 29,95 EUR;pricegroup-fr; 
 ;300737425;EUR;24,26 GBP , 29,95 EUR;pricegroup-fr; 
 ;300613257;EUR;24,26 GBP , 29,95 EUR;pricegroup-fr; 
 ;300737427;EUR;24,26 GBP , 29,95 EUR;pricegroup-fr; 
 ;300613260;EUR;24,26 GBP , 29,95 EUR;pricegroup-fr; 
 ;300613258;EUR;24,26 GBP , 29,95 EUR;pricegroup-fr; 
 ;300613259;EUR;24,26 GBP , 29,95 EUR;pricegroup-fr; 
 ;300613165;EUR;21,83 GBP , 26,95 EUR;pricegroup-fr; 
 ;300613166;EUR;21,83 GBP , 26,95 EUR;pricegroup-fr; 
 ;300613167;EUR;21,83 GBP , 26,95 EUR;pricegroup-fr; 
 ;300613168;EUR;21,83 GBP , 26,95 EUR;pricegroup-fr; 
 ;300737272;EUR;21,83 GBP , 26,95 EUR;pricegroup-fr; 
 ;300737273;EUR;21,83 GBP , 26,95 EUR;pricegroup-fr; 
 ;300737288;EUR;21,83 GBP , 26,95 EUR;pricegroup-fr; 
 ;300737289;EUR;21,83 GBP , 26,95 EUR;pricegroup-fr; 
 ;300737290;EUR;21,83 GBP , 26,95 EUR;pricegroup-fr; 
 ;300737291;EUR;21,83 GBP , 26,95 EUR;pricegroup-fr; 
 ;300737292;EUR;21,83 GBP , 26,95 EUR;pricegroup-fr; 
 ;300613162;EUR;21,83 GBP , 26,95 EUR;pricegroup-fr; 
 ;300613163;EUR;21,83 GBP , 26,95 EUR;pricegroup-fr; 
 ;300613164;EUR;21,83 GBP , 26,95 EUR;pricegroup-fr; 
 ;300737264;EUR;21,83 GBP , 26,95 EUR;pricegroup-fr; 
 ;300613161;EUR;21,83 GBP , 26,95 EUR;pricegroup-fr; 
 ;300613169;EUR;21,83 GBP , 26,95 EUR;pricegroup-fr; 
 ;300613171;EUR;21,83 GBP , 26,95 EUR;pricegroup-fr; 
 ;300613172;EUR;21,83 GBP , 26,95 EUR;pricegroup-fr; 
 ;300613170;EUR;21,83 GBP , 26,95 EUR;pricegroup-fr; 
 ;300737283;EUR;21,83 GBP , 26,95 EUR;pricegroup-fr; 
 ;300737280;EUR;21,83 GBP , 26,95 EUR;pricegroup-fr; 
 ;300737281;EUR;21,83 GBP , 26,95 EUR;pricegroup-fr; 
 ;300737269;EUR;21,83 GBP , 26,95 EUR;pricegroup-fr; 
 ;300737268;EUR;21,83 GBP , 26,95 EUR;pricegroup-fr; 
 ;300737270;EUR;21,83 GBP , 26,95 EUR;pricegroup-fr; 
 ;300613175;EUR;21,83 GBP , 26,95 EUR;pricegroup-fr; 
 ;300613176;EUR;21,83 GBP , 26,95 EUR;pricegroup-fr; 
 ;300613173;EUR;21,83 GBP , 26,95 EUR;pricegroup-fr; 
 ;300613174;EUR;21,83 GBP , 26,95 EUR;pricegroup-fr; 
 ;300737295;EUR;21,83 GBP , 26,95 EUR;pricegroup-fr; 
 ;300613333;EUR;28,31 GBP , 34,95 EUR;pricegroup-fr; 
 ;300613334;EUR;28,31 GBP , 34,95 EUR;pricegroup-fr; 
 ;300613336;EUR;28,31 GBP , 34,95 EUR;pricegroup-fr; 
 ;300613335;EUR;28,31 GBP , 34,95 EUR;pricegroup-fr; 
 ;300613331;EUR;28,31 GBP , 34,95 EUR;pricegroup-fr; 
 ;300613332;EUR;28,31 GBP , 34,95 EUR;pricegroup-fr; 
 ;300737504;EUR;28,31 GBP , 34,95 EUR;pricegroup-fr; 
 ;300613330;EUR;28,31 GBP , 34,95 EUR;pricegroup-fr; 
 ;300613329;EUR;28,31 GBP , 34,95 EUR;pricegroup-fr; 
 ;300737512;EUR;28,31 GBP , 34,95 EUR;pricegroup-fr; 
 ;300737513;EUR;28,31 GBP , 34,95 EUR;pricegroup-fr; 
 ;300737511;EUR;28,31 GBP , 34,95 EUR;pricegroup-fr; 
 ;300737515;EUR;28,31 GBP , 34,95 EUR;pricegroup-fr; 
 ;300737514;EUR;28,31 GBP , 34,95 EUR;pricegroup-fr; 
 ;300737506;EUR;28,31 GBP , 34,95 EUR;pricegroup-fr; 
 ;300737581;EUR;30,74 GBP , 37,95 EUR;pricegroup-fr; 
 ;300737580;EUR;30,74 GBP , 37,95 EUR;pricegroup-fr; 
 ;300737579;EUR;30,74 GBP , 37,95 EUR;pricegroup-fr; 
 ;300737578;EUR;30,74 GBP , 37,95 EUR;pricegroup-fr; 
 ;300613370;EUR;30,74 GBP , 37,95 EUR;pricegroup-fr; 
 ;300613369;EUR;30,74 GBP , 37,95 EUR;pricegroup-fr; 
 ;300613372;EUR;30,74 GBP , 37,95 EUR;pricegroup-fr; 
 ;300613371;EUR;30,74 GBP , 37,95 EUR;pricegroup-fr; 
 ;300737584;EUR;30,74 GBP , 37,95 EUR;pricegroup-fr; 
 ;300717314;EUR;22,64 GBP , 27,95 EUR;pricegroup-fr; 
 ;300717315;EUR;22,64 GBP , 27,95 EUR;pricegroup-fr; 
 ;300717313;EUR;22,64 GBP , 27,95 EUR;pricegroup-fr; 
 ;300615227;EUR;22,64 GBP , 27,95 EUR;pricegroup-fr; 
 ;300615228;EUR;22,64 GBP , 27,95 EUR;pricegroup-fr; 
 ;300615226;EUR;22,64 GBP , 27,95 EUR;pricegroup-fr; 
 ;300615225;EUR;22,64 GBP , 27,95 EUR;pricegroup-fr; 
 ;300615229;EUR;22,64 GBP , 27,95 EUR;pricegroup-fr; 
 ;300615232;EUR;22,64 GBP , 27,95 EUR;pricegroup-fr; 
 ;300615231;EUR;22,64 GBP , 27,95 EUR;pricegroup-fr; 
 ;300615230;EUR;22,64 GBP , 27,95 EUR;pricegroup-fr; 
 ;300843064;EUR;18,59 GBP , 22,95 EUR;pricegroup-fr; 
 ;300737942;EUR;18,59 GBP , 22,95 EUR;pricegroup-fr; 
 ;300737941;EUR;18,59 GBP , 22,95 EUR;pricegroup-fr; 
 ;300737945;EUR;18,59 GBP , 22,95 EUR;pricegroup-fr; 
 ;300737943;EUR;18,59 GBP , 22,95 EUR;pricegroup-fr; 
 ;300737944;EUR;18,59 GBP , 22,95 EUR;pricegroup-fr; 
 ;300613616;EUR;18,59 GBP , 22,95 EUR;pricegroup-fr; 
 ;300613617;EUR;18,59 GBP , 22,95 EUR;pricegroup-fr; 
 ;300613615;EUR;18,59 GBP , 22,95 EUR;pricegroup-fr; 
 ;300613618;EUR;18,59 GBP , 22,95 EUR;pricegroup-fr; 
 ;300737979;EUR;18,59 GBP , 22,95 EUR;pricegroup-fr; 
 ;300737978;EUR;18,59 GBP , 22,95 EUR;pricegroup-fr; 
 ;300737977;EUR;18,59 GBP , 22,95 EUR;pricegroup-fr; 
 ;300737980;EUR;18,59 GBP , 22,95 EUR;pricegroup-fr; 
 ;300737981;EUR;18,59 GBP , 22,95 EUR;pricegroup-fr; 
 ;300737950;EUR;18,59 GBP , 22,95 EUR;pricegroup-fr; 
 ;300737976;EUR;18,59 GBP , 22,95 EUR;pricegroup-fr; 
 ;300737975;EUR;18,59 GBP , 22,95 EUR;pricegroup-fr; 
 ;300737967;EUR;18,59 GBP , 22,95 EUR;pricegroup-fr; 
 ;300737971;EUR;18,59 GBP , 22,95 EUR;pricegroup-fr; 
 ;300613620;EUR;18,59 GBP , 22,95 EUR;pricegroup-fr; 
 ;300738207;EUR;20,21 GBP , 24,95 EUR;pricegroup-fr; 
 ;300738205;EUR;20,21 GBP , 24,95 EUR;pricegroup-fr; 
 ;300738206;EUR;20,21 GBP , 24,95 EUR;pricegroup-fr; 
 ;300738203;EUR;20,21 GBP , 24,95 EUR;pricegroup-fr; 
 ;300738204;EUR;20,21 GBP , 24,95 EUR;pricegroup-fr; 
 ;300613670;EUR;20,21 GBP , 24,95 EUR;pricegroup-fr; 
 ;300738208;EUR;20,21 GBP , 24,95 EUR;pricegroup-fr; 
 ;300613668;EUR;20,21 GBP , 24,95 EUR;pricegroup-fr; 
 ;300613667;EUR;20,21 GBP , 24,95 EUR;pricegroup-fr; 
 ;300613669;EUR;20,21 GBP , 24,95 EUR;pricegroup-fr; 
 ;300738137;EUR;20,21 GBP , 24,95 EUR;pricegroup-fr; 
 ;300738138;EUR;20,21 GBP , 24,95 EUR;pricegroup-fr; 
 ;300738136;EUR;20,21 GBP , 24,95 EUR;pricegroup-fr; 
 ;300738114;EUR;20,21 GBP , 24,95 EUR;pricegroup-fr; 
 ;300738116;EUR;20,21 GBP , 24,95 EUR;pricegroup-fr; 
 ;300738118;EUR;20,21 GBP , 24,95 EUR;pricegroup-fr; 
 ;300738117;EUR;20,21 GBP , 24,95 EUR;pricegroup-fr; 
 ;300738120;EUR;20,21 GBP , 24,95 EUR;pricegroup-fr; 
 ;300738121;EUR;20,21 GBP , 24,95 EUR;pricegroup-fr; 
 ;300738122;EUR;20,21 GBP , 24,95 EUR;pricegroup-fr; 
 ;300738132;EUR;20,21 GBP , 24,95 EUR;pricegroup-fr; 
 ;300738133;EUR;20,21 GBP , 24,95 EUR;pricegroup-fr; 
 ;300613658;EUR;20,21 GBP , 24,95 EUR;pricegroup-fr; 
 ;300613657;EUR;20,21 GBP , 24,95 EUR;pricegroup-fr; 
 ;300613656;EUR;20,21 GBP , 24,95 EUR;pricegroup-fr; 
 ;300613655;EUR;20,21 GBP , 24,95 EUR;pricegroup-fr; 
 ;300738142;EUR;20,21 GBP , 24,95 EUR;pricegroup-fr; 
 ;300738144;EUR;20,21 GBP , 24,95 EUR;pricegroup-fr; 
 ;300738145;EUR;20,21 GBP , 24,95 EUR;pricegroup-fr; 
 ;300738146;EUR;20,21 GBP , 24,95 EUR;pricegroup-fr; 
 ;300738159;EUR;20,21 GBP , 24,95 EUR;pricegroup-fr; 
 ;300738148;EUR;20,21 GBP , 24,95 EUR;pricegroup-fr; 
 ;300613661;EUR;20,21 GBP , 24,95 EUR;pricegroup-fr; 
 ;300613662;EUR;20,21 GBP , 24,95 EUR;pricegroup-fr; 
 ;300613659;EUR;20,21 GBP , 24,95 EUR;pricegroup-fr; 
 ;300564006;EUR;12,92 GBP , 15,95 EUR;pricegroup-fr; 
 ;300564007;EUR;12,92 GBP , 15,95 EUR;pricegroup-fr; 
 ;300720124;EUR;18,59 GBP , 22,95 EUR;pricegroup-fr; 
 ;300720123;EUR;18,59 GBP , 22,95 EUR;pricegroup-fr; 
 ;300720126;EUR;18,59 GBP , 22,95 EUR;pricegroup-fr; 
 ;300720130;EUR;18,59 GBP , 22,95 EUR;pricegroup-fr; 
 ;300720128;EUR;18,59 GBP , 22,95 EUR;pricegroup-fr; 
 ;300720127;EUR;18,59 GBP , 22,95 EUR;pricegroup-fr; 
 ;300720129;EUR;18,59 GBP , 22,95 EUR;pricegroup-fr; 
 ;300720119;EUR;18,59 GBP , 22,95 EUR;pricegroup-fr; 
 ;300720120;EUR;18,59 GBP , 22,95 EUR;pricegroup-fr; 
 ;300720121;EUR;18,59 GBP , 22,95 EUR;pricegroup-fr; 
 ;300720122;EUR;18,59 GBP , 22,95 EUR;pricegroup-fr; 
 ;300742888;EUR;30,74 GBP , 37,95 EUR;pricegroup-fr; 
 ;300742889;EUR;30,74 GBP , 37,95 EUR;pricegroup-fr; 
 ;300742890;EUR;30,74 GBP , 37,95 EUR;pricegroup-fr; 
 ;300742892;EUR;30,74 GBP , 37,95 EUR;pricegroup-fr; 
 ;300742891;EUR;30,74 GBP , 37,95 EUR;pricegroup-fr; 
 ;300742886;EUR;30,74 GBP , 37,95 EUR;pricegroup-fr; 
 ;300742887;EUR;30,74 GBP , 37,95 EUR;pricegroup-fr; 
 ;300742884;EUR;30,74 GBP , 37,95 EUR;pricegroup-fr; 
 ;300742885;EUR;30,74 GBP , 37,95 EUR;pricegroup-fr; 
 ;300742883;EUR;30,74 GBP , 37,95 EUR;pricegroup-fr; 
 ;300742882;EUR;30,74 GBP , 37,95 EUR;pricegroup-fr; 
 ;300742878;EUR;30,74 GBP , 37,95 EUR;pricegroup-fr; 
 ;300742881;EUR;30,74 GBP , 37,95 EUR;pricegroup-fr; 
 ;300742879;EUR;30,74 GBP , 37,95 EUR;pricegroup-fr; 
 ;300742880;EUR;30,74 GBP , 37,95 EUR;pricegroup-fr; 
 ;300772561;EUR;20,21 GBP , 24,95 EUR;pricegroup-fr; 
 ;300772560;EUR;20,21 GBP , 24,95 EUR;pricegroup-fr; 
 ;300772562;EUR;20,21 GBP , 24,95 EUR;pricegroup-fr; 
 ;300772559;EUR;20,21 GBP , 24,95 EUR;pricegroup-fr; 
 ;300453387;EUR;32,36 GBP , 39,95 EUR;pricegroup-fr; 
 ;300453388;EUR;32,36 GBP , 39,95 EUR;pricegroup-fr; 
 ;300453389;EUR;32,36 GBP , 39,95 EUR;pricegroup-fr; 
 ;300453390;EUR;32,36 GBP , 39,95 EUR;pricegroup-fr; 
 ;300453392;EUR;32,36 GBP , 39,95 EUR;pricegroup-fr; 
 ;300453391;EUR;32,36 GBP , 39,95 EUR;pricegroup-fr; 
 ;300453395;EUR;32,36 GBP , 39,95 EUR;pricegroup-fr; 
 ;300453394;EUR;32,36 GBP , 39,95 EUR;pricegroup-fr; 
 ;300453393;EUR;32,36 GBP , 39,95 EUR;pricegroup-fr; 
 ;300453384;EUR;32,36 GBP , 39,95 EUR;pricegroup-fr; 
 ;300453385;EUR;32,36 GBP , 39,95 EUR;pricegroup-fr; 
 ;300453386;EUR;32,36 GBP , 39,95 EUR;pricegroup-fr; 
 ;300453397;EUR;32,36 GBP , 39,95 EUR;pricegroup-fr; 
 ;300453398;EUR;32,36 GBP , 39,95 EUR;pricegroup-fr; 
 ;300453396;EUR;32,36 GBP , 39,95 EUR;pricegroup-fr; 
 ;300649636;EUR;137,66 GBP , 169,95 EUR;pricegroup-fr; 
 ;300415611;EUR;24,26 GBP , 29,95 EUR;pricegroup-fr; 
 ;300415612;EUR;24,26 GBP , 29,95 EUR;pricegroup-fr; 
 ;300415613;EUR;24,26 GBP , 29,95 EUR;pricegroup-fr; 
 ;300467248;EUR;242,96 GBP , 299,95 EUR;pricegroup-fr; 
 ;300467249;EUR;242,96 GBP , 299,95 EUR;pricegroup-fr; 
 ;300029866;EUR;558,86 GBP , 689,95 EUR;pricegroup-fr; 
 ;300558998;EUR;607,46 GBP , 749,95 EUR;pricegroup-fr; 
 ;300558999;EUR;720,86 GBP , 889,95 EUR;pricegroup-fr; 
 ;300393425;EUR;153,86 GBP , 189,95 EUR;pricegroup-fr; 
 ;300558997;EUR;518,36 GBP , 639,95 EUR;pricegroup-fr; 
 ;9810;EUR;9,68 GBP , 11,95 EUR;pricegroup-fr; 
 ;9810;EUR;9,68 GBP , 11,95 EUR;pricegroup-fr; 
 ;13105;EUR;4,01 GBP , 4,95 EUR;pricegroup-fr; 
 ;13106;EUR;4,01 GBP , 4,95 EUR;pricegroup-fr; 
 ;13105;EUR;4,01 GBP , 4,95 EUR;pricegroup-fr; 
 ;13106;EUR;4,01 GBP , 4,95 EUR;pricegroup-fr; 
 ;300786274;EUR;44,51 GBP , 54,95 EUR;pricegroup-fr; 
 ;300786276;EUR;44,51 GBP , 54,95 EUR;pricegroup-fr; 
 ;300786275;EUR;44,51 GBP , 54,95 EUR;pricegroup-fr; 
 ;300786277;EUR;44,51 GBP , 54,95 EUR;pricegroup-fr; 
 ;300610919;EUR;44,51 GBP , 54,95 EUR;pricegroup-fr; 
 ;300610921;EUR;44,51 GBP , 54,95 EUR;pricegroup-fr; 
 ;300610922;EUR;44,51 GBP , 54,95 EUR;pricegroup-fr; 
 ;300610920;EUR;44,51 GBP , 54,95 EUR;pricegroup-fr; 
 ;300610925;EUR;44,51 GBP , 54,95 EUR;pricegroup-fr; 
 ;300610926;EUR;44,51 GBP , 54,95 EUR;pricegroup-fr; 
 ;300610923;EUR;44,51 GBP , 54,95 EUR;pricegroup-fr; 
 ;300610924;EUR;44,51 GBP , 54,95 EUR;pricegroup-fr; 
 ;300613800;EUR;60,71 GBP , 74,95 EUR;pricegroup-fr; 
 ;300613799;EUR;60,71 GBP , 74,95 EUR;pricegroup-fr; 
 ;300613802;EUR;60,71 GBP , 74,95 EUR;pricegroup-fr; 
 ;300613801;EUR;60,71 GBP , 74,95 EUR;pricegroup-fr; 
 ;300389096;EUR;40,46 GBP , 49,95 EUR;pricegroup-fr; 
 ;300389094;EUR;40,46 GBP , 49,95 EUR;pricegroup-fr; 
 ;300389095;EUR;40,46 GBP , 49,95 EUR;pricegroup-fr; 
 ;300389093;EUR;40,46 GBP , 49,95 EUR;pricegroup-fr; 
 ;300389772;EUR;24,26 GBP , 29,95 EUR;pricegroup-fr; 
 ;300389773;EUR;24,26 GBP , 29,95 EUR;pricegroup-fr; 
 ;300389774;EUR;24,26 GBP , 29,95 EUR;pricegroup-fr; 
 ;300389777;EUR;24,26 GBP , 29,95 EUR;pricegroup-fr; 
 ;300389778;EUR;24,26 GBP , 29,95 EUR;pricegroup-fr; 
 ;300389779;EUR;24,26 GBP , 29,95 EUR;pricegroup-fr; 
 ;300389276;EUR;28,31 GBP , 34,95 EUR;pricegroup-fr; 
 ;300389279;EUR;28,31 GBP , 34,95 EUR;pricegroup-fr; 
 ;300784672;EUR;40,46 GBP , 49,95 EUR;pricegroup-fr; 
 ;300784667;EUR;40,46 GBP , 49,95 EUR;pricegroup-fr; 
 ;300784666;EUR;40,46 GBP , 49,95 EUR;pricegroup-fr; 
 ;300784668;EUR;40,46 GBP , 49,95 EUR;pricegroup-fr; 
 ;300784670;EUR;40,46 GBP , 49,95 EUR;pricegroup-fr; 
 ;300606759;EUR;40,46 GBP , 49,95 EUR;pricegroup-fr; 
 ;300784663;EUR;40,46 GBP , 49,95 EUR;pricegroup-fr; 
 ;300606761;EUR;40,46 GBP , 49,95 EUR;pricegroup-fr; 
 ;300606760;EUR;40,46 GBP , 49,95 EUR;pricegroup-fr; 
 ;300606763;EUR;40,46 GBP , 49,95 EUR;pricegroup-fr; 
 ;300606765;EUR;40,46 GBP , 49,95 EUR;pricegroup-fr; 
 ;300606766;EUR;40,46 GBP , 49,95 EUR;pricegroup-fr; 
 ;300606787;EUR;40,46 GBP , 49,95 EUR;pricegroup-fr; 
 ;300606789;EUR;40,46 GBP , 49,95 EUR;pricegroup-fr; 
 ;300606783;EUR;40,46 GBP , 49,95 EUR;pricegroup-fr; 
 ;300606785;EUR;40,46 GBP , 49,95 EUR;pricegroup-fr; 
 ;300606784;EUR;40,46 GBP , 49,95 EUR;pricegroup-fr; 
 ;300784690;EUR;40,46 GBP , 49,95 EUR;pricegroup-fr; 
 ;300784691;EUR;40,46 GBP , 49,95 EUR;pricegroup-fr; 
 ;300784688;EUR;40,46 GBP , 49,95 EUR;pricegroup-fr; 
 ;300784686;EUR;40,46 GBP , 49,95 EUR;pricegroup-fr; 
 ;300784684;EUR;40,46 GBP , 49,95 EUR;pricegroup-fr; 
 ;300784685;EUR;40,46 GBP , 49,95 EUR;pricegroup-fr; 
 ;300784681;EUR;40,46 GBP , 49,95 EUR;pricegroup-fr; 
 ;300784676;EUR;40,46 GBP , 49,95 EUR;pricegroup-fr; 
 ;300784677;EUR;40,46 GBP , 49,95 EUR;pricegroup-fr; 
 ;300784679;EUR;40,46 GBP , 49,95 EUR;pricegroup-fr; 
 ;300784682;EUR;40,46 GBP , 49,95 EUR;pricegroup-fr; 
 ;300606908;EUR;52,61 GBP , 64,95 EUR;pricegroup-fr; 
 ;300784801;EUR;52,61 GBP , 64,95 EUR;pricegroup-fr; 
 ;300606910;EUR;52,61 GBP , 64,95 EUR;pricegroup-fr; 
 ;300606907;EUR;52,61 GBP , 64,95 EUR;pricegroup-fr; 
 ;300606904;EUR;52,61 GBP , 64,95 EUR;pricegroup-fr; 
 ;300606905;EUR;52,61 GBP , 64,95 EUR;pricegroup-fr; 
 ;300784793;EUR;52,61 GBP , 64,95 EUR;pricegroup-fr; 
 ;300784795;EUR;52,61 GBP , 64,95 EUR;pricegroup-fr; 
 ;300784794;EUR;52,61 GBP , 64,95 EUR;pricegroup-fr; 
 ;300784797;EUR;52,61 GBP , 64,95 EUR;pricegroup-fr; 
 ;300784799;EUR;52,61 GBP , 64,95 EUR;pricegroup-fr; 
 ;300611667;EUR;48,56 GBP , 59,95 EUR;pricegroup-fr; 
 ;300611665;EUR;48,56 GBP , 59,95 EUR;pricegroup-fr; 
 ;300611666;EUR;48,56 GBP , 59,95 EUR;pricegroup-fr; 
 ;300611663;EUR;48,56 GBP , 59,95 EUR;pricegroup-fr; 
 ;300611664;EUR;48,56 GBP , 59,95 EUR;pricegroup-fr; 
 ;300755976;EUR;48,56 GBP , 59,95 EUR;pricegroup-fr; 
 ;300755977;EUR;48,56 GBP , 59,95 EUR;pricegroup-fr; 
 ;300604900;EUR;44,51 GBP , 54,95 EUR;pricegroup-fr; 
 ;300604898;EUR;44,51 GBP , 54,95 EUR;pricegroup-fr; 
 ;300604899;EUR;44,51 GBP , 54,95 EUR;pricegroup-fr; 
 ;300604897;EUR;44,51 GBP , 54,95 EUR;pricegroup-fr; 
 ;300604896;EUR;44,51 GBP , 54,95 EUR;pricegroup-fr; 
 ;300313718;EUR;44,51 GBP , 54,95 EUR;pricegroup-fr; 
 ;300313722;EUR;44,51 GBP , 54,95 EUR;pricegroup-fr; 
 ;300313727;EUR;44,51 GBP , 54,95 EUR;pricegroup-fr; 
 ;300313726;EUR;44,51 GBP , 54,95 EUR;pricegroup-fr; 
 ;300313729;EUR;44,51 GBP , 54,95 EUR;pricegroup-fr; 
 ;300313710;EUR;44,51 GBP , 54,95 EUR;pricegroup-fr; 
 ;300613583;EUR;44,51 GBP , 54,95 EUR;pricegroup-fr; 
 ;300613586;EUR;44,51 GBP , 54,95 EUR;pricegroup-fr; 
 ;300613585;EUR;44,51 GBP , 54,95 EUR;pricegroup-fr; 
 ;300613584;EUR;44,51 GBP , 54,95 EUR;pricegroup-fr; 
 ;300608426;EUR;40,46 GBP , 49,95 EUR;pricegroup-fr; 
 ;300608425;EUR;40,46 GBP , 49,95 EUR;pricegroup-fr; 
 ;300608428;EUR;40,46 GBP , 49,95 EUR;pricegroup-fr; 
 ;300608427;EUR;40,46 GBP , 49,95 EUR;pricegroup-fr; 
 ;300785915;EUR;40,46 GBP , 49,95 EUR;pricegroup-fr; 
 ;300785916;EUR;40,46 GBP , 49,95 EUR;pricegroup-fr; 
 ;300785913;EUR;40,46 GBP , 49,95 EUR;pricegroup-fr; 
 ;300785914;EUR;40,46 GBP , 49,95 EUR;pricegroup-fr; 
 ;300383695;EUR;24,26 GBP , 29,95 EUR;pricegroup-fr; 
 ;300383696;EUR;24,26 GBP , 29,95 EUR;pricegroup-fr; 
 ;300388629;EUR;36,41 GBP , 44,95 EUR;pricegroup-fr; 
 ;300392200;EUR;36,41 GBP , 44,95 EUR;pricegroup-fr; 
 ;300392196;EUR;36,41 GBP , 44,95 EUR;pricegroup-fr; 
 ;300742616;EUR;40,46 GBP , 49,95 EUR;pricegroup-fr; 
 ;300742619;EUR;40,46 GBP , 49,95 EUR;pricegroup-fr; 
 ;300742610;EUR;40,46 GBP , 49,95 EUR;pricegroup-fr; 
 ;300742611;EUR;40,46 GBP , 49,95 EUR;pricegroup-fr; 
 ;300742612;EUR;40,46 GBP , 49,95 EUR;pricegroup-fr; 
 ;300742613;EUR;40,46 GBP , 49,95 EUR;pricegroup-fr; 
 ;300742614;EUR;40,46 GBP , 49,95 EUR;pricegroup-fr; 
 ;300742606;EUR;40,46 GBP , 49,95 EUR;pricegroup-fr; 
 ;300742607;EUR;40,46 GBP , 49,95 EUR;pricegroup-fr; 
 ;300742605;EUR;40,46 GBP , 49,95 EUR;pricegroup-fr; 
 ;300742608;EUR;40,46 GBP , 49,95 EUR;pricegroup-fr; 
 ;300742609;EUR;40,46 GBP , 49,95 EUR;pricegroup-fr; 
 ;300742515;EUR;52,61 GBP , 64,95 EUR;pricegroup-fr; 
 ;300742519;EUR;52,61 GBP , 64,95 EUR;pricegroup-fr; 
 ;300742518;EUR;52,61 GBP , 64,95 EUR;pricegroup-fr; 
 ;300742517;EUR;52,61 GBP , 64,95 EUR;pricegroup-fr; 
 ;300742516;EUR;52,61 GBP , 64,95 EUR;pricegroup-fr; 
 ;300742514;EUR;52,61 GBP , 64,95 EUR;pricegroup-fr; 
 ;300742513;EUR;52,61 GBP , 64,95 EUR;pricegroup-fr; 
 ;300742512;EUR;52,61 GBP , 64,95 EUR;pricegroup-fr; 
 ;300742511;EUR;52,61 GBP , 64,95 EUR;pricegroup-fr; 
 ;300742510;EUR;52,61 GBP , 64,95 EUR;pricegroup-fr; 
 ;300611189;EUR;24,26 GBP , 29,95 EUR;pricegroup-fr; 
 ;300611188;EUR;24,26 GBP , 29,95 EUR;pricegroup-fr; 
 ;300611187;EUR;24,26 GBP , 29,95 EUR;pricegroup-fr; 
 ;300611186;EUR;24,26 GBP , 29,95 EUR;pricegroup-fr; 
 ;300611185;EUR;24,26 GBP , 29,95 EUR;pricegroup-fr; 
 ;300611184;EUR;24,26 GBP , 29,95 EUR;pricegroup-fr; 
 ;300615121;EUR;28,31 GBP , 34,95 EUR;pricegroup-fr; 
 ;300615120;EUR;28,31 GBP , 34,95 EUR;pricegroup-fr; 
 ;300615122;EUR;28,31 GBP , 34,95 EUR;pricegroup-fr; 
 ;300615119;EUR;28,31 GBP , 34,95 EUR;pricegroup-fr; 
 ;300615118;EUR;28,31 GBP , 34,95 EUR;pricegroup-fr; 
 ;300786361;EUR;14,54 GBP , 17,95 EUR;pricegroup-fr; 
 ;300786362;EUR;14,54 GBP , 17,95 EUR;pricegroup-fr; 
 ;300786363;EUR;14,54 GBP , 17,95 EUR;pricegroup-fr; 
 ;300786360;EUR;14,54 GBP , 17,95 EUR;pricegroup-fr; 
 ;300611201;EUR;14,54 GBP , 17,95 EUR;pricegroup-fr; 
 ;300611198;EUR;14,54 GBP , 17,95 EUR;pricegroup-fr; 
 ;300611197;EUR;14,54 GBP , 17,95 EUR;pricegroup-fr; 
 ;300611199;EUR;14,54 GBP , 17,95 EUR;pricegroup-fr; 
 ;300611196;EUR;14,54 GBP , 17,95 EUR;pricegroup-fr; 
 ;300611200;EUR;14,54 GBP , 17,95 EUR;pricegroup-fr; 
 ;300786357;EUR;14,54 GBP , 17,95 EUR;pricegroup-fr; 
 ;300786356;EUR;14,54 GBP , 17,95 EUR;pricegroup-fr; 
 ;300786355;EUR;14,54 GBP , 17,95 EUR;pricegroup-fr; 
 ;300786369;EUR;14,54 GBP , 17,95 EUR;pricegroup-fr; 
 ;300786366;EUR;14,54 GBP , 17,95 EUR;pricegroup-fr; 
 ;300786368;EUR;14,54 GBP , 17,95 EUR;pricegroup-fr; 
 ;300786367;EUR;14,54 GBP , 17,95 EUR;pricegroup-fr; 
 ;300611202;EUR;14,54 GBP , 17,95 EUR;pricegroup-fr; 
 ;300611204;EUR;14,54 GBP , 17,95 EUR;pricegroup-fr; 
 ;300611203;EUR;14,54 GBP , 17,95 EUR;pricegroup-fr; 
 ;300611206;EUR;14,54 GBP , 17,95 EUR;pricegroup-fr; 
 ;300611205;EUR;14,54 GBP , 17,95 EUR;pricegroup-fr; 
 ;300611207;EUR;14,54 GBP , 17,95 EUR;pricegroup-fr; 
 ;300791722;EUR;20,21 GBP , 24,95 EUR;pricegroup-fr; 
 ;300791723;EUR;20,21 GBP , 24,95 EUR;pricegroup-fr; 
 ;300607492;EUR;20,21 GBP , 24,95 EUR;pricegroup-fr; 
 ;300607491;EUR;20,21 GBP , 24,95 EUR;pricegroup-fr; 
 ;300607490;EUR;20,21 GBP , 24,95 EUR;pricegroup-fr; 
 ;300607489;EUR;20,21 GBP , 24,95 EUR;pricegroup-fr; 
 ;300607488;EUR;20,21 GBP , 24,95 EUR;pricegroup-fr; 
 ;300791706;EUR;20,21 GBP , 24,95 EUR;pricegroup-fr; 
 ;300791705;EUR;20,21 GBP , 24,95 EUR;pricegroup-fr; 
 ;300791708;EUR;20,21 GBP , 24,95 EUR;pricegroup-fr; 
 ;300791707;EUR;20,21 GBP , 24,95 EUR;pricegroup-fr; 
 ;300791709;EUR;20,21 GBP , 24,95 EUR;pricegroup-fr; 
 ;300791704;EUR;20,21 GBP , 24,95 EUR;pricegroup-fr; 
 ;300791711;EUR;20,21 GBP , 24,95 EUR;pricegroup-fr; 
 ;300613859;EUR;32,36 GBP , 39,95 EUR;pricegroup-fr; 
 ;300613861;EUR;36,41 GBP , 44,95 EUR;pricegroup-fr; 
 ;300611156;EUR;44,51 GBP , 54,95 EUR;pricegroup-fr; 
 ;300617559;EUR;28,31 GBP , 34,95 EUR;pricegroup-fr; 
 ;300619188;EUR;36,41 GBP , 44,95 EUR;pricegroup-fr; 
 ;300452191;EUR;1,98 GBP , 2,45 EUR;pricegroup-fr; 
 ;300612775;EUR;16,16 GBP , 19,95 EUR;pricegroup-fr; 
 ;300613490;EUR;34,79 GBP , 42,95 EUR;pricegroup-fr; 
 ;300613491;EUR;34,79 GBP , 42,95 EUR;pricegroup-fr; 
 ;300465914;EUR;1,58 GBP , 1,95 EUR;pricegroup-fr; 
 ;300608126;EUR;56,66 GBP , 69,95 EUR;pricegroup-fr; 
 ;300466076;EUR;60,71 GBP , 74,95 EUR;pricegroup-fr; 
 ;300466077;EUR;60,71 GBP , 74,95 EUR;pricegroup-fr; 
 ;300618505;EUR;40,46 GBP , 49,95 EUR;pricegroup-fr; 
 ;300618507;EUR;40,46 GBP , 49,95 EUR;pricegroup-fr; 
 ;300618506;EUR;40,46 GBP , 49,95 EUR;pricegroup-fr; 
 ;300441924;EUR;24,26 GBP , 29,95 EUR;pricegroup-fr; 
 ;300614881;EUR;28,31 GBP , 34,95 EUR;pricegroup-fr; 
 ;300614880;EUR;28,31 GBP , 34,95 EUR;pricegroup-fr; 
 ;300614882;EUR;28,31 GBP , 34,95 EUR;pricegroup-fr; 
 ;300614877;EUR;28,31 GBP , 34,95 EUR;pricegroup-fr; 
 ;300614878;EUR;28,31 GBP , 34,95 EUR;pricegroup-fr; 
 ;300614879;EUR;28,31 GBP , 34,95 EUR;pricegroup-fr; 
 ;300691216;EUR;20,21 GBP , 24,95 EUR;pricegroup-fr; 
 ;300385273;EUR;24,26 GBP , 29,95 EUR;pricegroup-fr; 
 ;300385272;EUR;24,26 GBP , 29,95 EUR;pricegroup-fr; 
 ;300202725;EUR;17,78 GBP , 21,95 EUR;pricegroup-fr; 
 ;300604643;EUR;28,31 GBP , 34,95 EUR;pricegroup-fr; 
 ;300604644;EUR;28,31 GBP , 34,95 EUR;pricegroup-fr; 
 ;300604645;EUR;28,31 GBP , 34,95 EUR;pricegroup-fr; 
 ;300604640;EUR;28,31 GBP , 34,95 EUR;pricegroup-fr; 
 ;300604641;EUR;28,31 GBP , 34,95 EUR;pricegroup-fr; 
 ;300604642;EUR;28,31 GBP , 34,95 EUR;pricegroup-fr; 
 ;300608208;EUR;20,21 GBP , 24,95 EUR;pricegroup-fr; 
 ;300608209;EUR;20,21 GBP , 24,95 EUR;pricegroup-fr; 
 ;300608207;EUR;20,21 GBP , 24,95 EUR;pricegroup-fr; 
 ;300785802;EUR;20,21 GBP , 24,95 EUR;pricegroup-fr; 
 ;300608307;EUR;40,46 GBP , 49,95 EUR;pricegroup-fr; 
 ;300608306;EUR;40,46 GBP , 49,95 EUR;pricegroup-fr; 
 ;300608308;EUR;40,46 GBP , 49,95 EUR;pricegroup-fr; 
 ;300608309;EUR;40,46 GBP , 49,95 EUR;pricegroup-fr; 
 ;300515172;EUR;20,21 GBP , 24,95 EUR;pricegroup-fr; 
 ;300608278;EUR;24,26 GBP , 29,95 EUR;pricegroup-fr; 
 ;300608277;EUR;24,26 GBP , 29,95 EUR;pricegroup-fr; 
 ;300785815;EUR;24,26 GBP , 29,95 EUR;pricegroup-fr; 
 ;300785814;EUR;24,26 GBP , 29,95 EUR;pricegroup-fr; 
 ;300604648;EUR;40,46 GBP , 49,95 EUR;pricegroup-fr; 
 ;300604650;EUR;40,46 GBP , 49,95 EUR;pricegroup-fr; 
 ;300604649;EUR;40,46 GBP , 49,95 EUR;pricegroup-fr; 
 ;300321070;EUR;17,78 GBP , 21,95 EUR;pricegroup-fr; 
 ;300617317;EUR;17,78 GBP , 21,95 EUR;pricegroup-fr; 
 ;300617318;EUR;17,78 GBP , 21,95 EUR;pricegroup-fr; 
 ;300617319;EUR;17,78 GBP , 21,95 EUR;pricegroup-fr; 
 ;300617320;EUR;17,78 GBP , 21,95 EUR;pricegroup-fr; 
 ;300617321;EUR;17,78 GBP , 21,95 EUR;pricegroup-fr; 
 ;300617326;EUR;17,78 GBP , 21,95 EUR;pricegroup-fr; 
 ;300617324;EUR;17,78 GBP , 21,95 EUR;pricegroup-fr; 
 ;300617325;EUR;17,78 GBP , 21,95 EUR;pricegroup-fr; 
 ;300617330;EUR;17,78 GBP , 21,95 EUR;pricegroup-fr; 
 ;300617329;EUR;17,78 GBP , 21,95 EUR;pricegroup-fr; 
 ;300617328;EUR;17,78 GBP , 21,95 EUR;pricegroup-fr; 
 ;300617331;EUR;17,78 GBP , 21,95 EUR;pricegroup-fr; 
 ;300438214;EUR;12,92 GBP , 15,95 EUR;pricegroup-fr; 
 ;300605286;EUR;28,31 GBP , 34,95 EUR;pricegroup-fr; 
 ;300605287;EUR;28,31 GBP , 34,95 EUR;pricegroup-fr; 
 ;300605282;EUR;28,31 GBP , 34,95 EUR;pricegroup-fr; 
 ;300605283;EUR;28,31 GBP , 34,95 EUR;pricegroup-fr; 
 ;300605284;EUR;28,31 GBP , 34,95 EUR;pricegroup-fr; 
 ;300605285;EUR;28,31 GBP , 34,95 EUR;pricegroup-fr; 
 ;300605299;EUR;28,31 GBP , 34,95 EUR;pricegroup-fr; 
 ;300605297;EUR;28,31 GBP , 34,95 EUR;pricegroup-fr; 
 ;300605298;EUR;28,31 GBP , 34,95 EUR;pricegroup-fr; 
 ;300605295;EUR;28,31 GBP , 34,95 EUR;pricegroup-fr; 
 ;300605296;EUR;28,31 GBP , 34,95 EUR;pricegroup-fr; 
 ;300605294;EUR;28,31 GBP , 34,95 EUR;pricegroup-fr; 
 ;300753484;EUR;28,31 GBP , 34,95 EUR;pricegroup-fr; 
 ;300605300;EUR;28,31 GBP , 34,95 EUR;pricegroup-fr; 
 ;300605303;EUR;28,31 GBP , 34,95 EUR;pricegroup-fr; 
 ;300605301;EUR;28,31 GBP , 34,95 EUR;pricegroup-fr; 
 ;300605302;EUR;28,31 GBP , 34,95 EUR;pricegroup-fr; 
 ;300605311;EUR;28,31 GBP , 34,95 EUR;pricegroup-fr; 
 ;300605312;EUR;28,31 GBP , 34,95 EUR;pricegroup-fr; 
 ;300605313;EUR;28,31 GBP , 34,95 EUR;pricegroup-fr; 
 ;300605314;EUR;28,31 GBP , 34,95 EUR;pricegroup-fr; 
 ;300605329;EUR;28,31 GBP , 34,95 EUR;pricegroup-fr; 
 ;300605334;EUR;28,31 GBP , 34,95 EUR;pricegroup-fr; 
 ;300605330;EUR;28,31 GBP , 34,95 EUR;pricegroup-fr; 
 ;300605332;EUR;28,31 GBP , 34,95 EUR;pricegroup-fr; 
 ;300605308;EUR;28,31 GBP , 34,95 EUR;pricegroup-fr; 
 ;300605307;EUR;28,31 GBP , 34,95 EUR;pricegroup-fr; 
 ;300605306;EUR;28,31 GBP , 34,95 EUR;pricegroup-fr; 
 ;300605305;EUR;28,31 GBP , 34,95 EUR;pricegroup-fr; 
 ;300605309;EUR;28,31 GBP , 34,95 EUR;pricegroup-fr; 
 ;300605310;EUR;28,31 GBP , 34,95 EUR;pricegroup-fr; 
 ;300605288;EUR;28,31 GBP , 34,95 EUR;pricegroup-fr; 
 ;300605289;EUR;28,31 GBP , 34,95 EUR;pricegroup-fr; 
 ;300605293;EUR;28,31 GBP , 34,95 EUR;pricegroup-fr; 
 ;300605291;EUR;28,31 GBP , 34,95 EUR;pricegroup-fr; 
 ;300605292;EUR;28,31 GBP , 34,95 EUR;pricegroup-fr; 
 ;300605290;EUR;28,31 GBP , 34,95 EUR;pricegroup-fr; 
 ;300605317;EUR;28,31 GBP , 34,95 EUR;pricegroup-fr; 
 ;300605319;EUR;28,31 GBP , 34,95 EUR;pricegroup-fr; 
 ;300605318;EUR;28,31 GBP , 34,95 EUR;pricegroup-fr; 
 ;300605321;EUR;28,31 GBP , 34,95 EUR;pricegroup-fr; 
 ;300605322;EUR;28,31 GBP , 34,95 EUR;pricegroup-fr; 
 ;300605320;EUR;28,31 GBP , 34,95 EUR;pricegroup-fr; 
 ;300605328;EUR;28,31 GBP , 34,95 EUR;pricegroup-fr; 
 ;300605325;EUR;28,31 GBP , 34,95 EUR;pricegroup-fr; 
 ;300605326;EUR;28,31 GBP , 34,95 EUR;pricegroup-fr; 
 ;300605323;EUR;28,31 GBP , 34,95 EUR;pricegroup-fr; 
 ;300605324;EUR;28,31 GBP , 34,95 EUR;pricegroup-fr; 
 ;300417110;EUR;24,26 GBP , 29,95 EUR;pricegroup-fr; 
 ;300417113;EUR;24,26 GBP , 29,95 EUR;pricegroup-fr; 
 ;300417114;EUR;24,26 GBP , 29,95 EUR;pricegroup-fr; 
 ;300417115;EUR;24,26 GBP , 29,95 EUR;pricegroup-fr; 
 ;300417116;EUR;24,26 GBP , 29,95 EUR;pricegroup-fr; 
 ;300417104;EUR;24,26 GBP , 29,95 EUR;pricegroup-fr; 
 ;300417105;EUR;24,26 GBP , 29,95 EUR;pricegroup-fr; 
 ;300613264;EUR;24,26 GBP , 29,95 EUR;pricegroup-fr; 
 ;300613263;EUR;24,26 GBP , 29,95 EUR;pricegroup-fr; 
 ;300613262;EUR;24,26 GBP , 29,95 EUR;pricegroup-fr; 
 ;300613261;EUR;24,26 GBP , 29,95 EUR;pricegroup-fr; 
 ;300737429;EUR;24,26 GBP , 29,95 EUR;pricegroup-fr; 
 ;300737430;EUR;24,26 GBP , 29,95 EUR;pricegroup-fr; 
 ;300613268;EUR;24,26 GBP , 29,95 EUR;pricegroup-fr; 
 ;300613267;EUR;24,26 GBP , 29,95 EUR;pricegroup-fr; 
 ;300613266;EUR;24,26 GBP , 29,95 EUR;pricegroup-fr; 
 ;300613265;EUR;24,26 GBP , 29,95 EUR;pricegroup-fr; 
 ;300613272;EUR;24,26 GBP , 29,95 EUR;pricegroup-fr; 
 ;300613269;EUR;24,26 GBP , 29,95 EUR;pricegroup-fr; 
 ;300613271;EUR;24,26 GBP , 29,95 EUR;pricegroup-fr; 
 ;300613270;EUR;24,26 GBP , 29,95 EUR;pricegroup-fr; 
 ;300458977;EUR;20,21 GBP , 24,95 EUR;pricegroup-fr; 
 ;300458967;EUR;20,21 GBP , 24,95 EUR;pricegroup-fr; 
 ;300458968;EUR;20,21 GBP , 24,95 EUR;pricegroup-fr; 
 ;300458969;EUR;20,21 GBP , 24,95 EUR;pricegroup-fr; 
 ;300617129;EUR;28,31 GBP , 34,95 EUR;pricegroup-fr; 
 ;300617132;EUR;28,31 GBP , 34,95 EUR;pricegroup-fr; 
 ;300617131;EUR;28,31 GBP , 34,95 EUR;pricegroup-fr; 
 ;300617130;EUR;28,31 GBP , 34,95 EUR;pricegroup-fr; 
 ;300617127;EUR;28,31 GBP , 34,95 EUR;pricegroup-fr; 
 ;300617126;EUR;28,31 GBP , 34,95 EUR;pricegroup-fr; 
 ;300617128;EUR;28,31 GBP , 34,95 EUR;pricegroup-fr; 
 ;300617125;EUR;28,31 GBP , 34,95 EUR;pricegroup-fr; 
 ;300756155;EUR;28,31 GBP , 34,95 EUR;pricegroup-fr; 
 ;300756156;EUR;28,31 GBP , 34,95 EUR;pricegroup-fr; 
 ;300611801;EUR;28,31 GBP , 34,95 EUR;pricegroup-fr; 
 ;300611802;EUR;28,31 GBP , 34,95 EUR;pricegroup-fr; 
 ;300611800;EUR;28,31 GBP , 34,95 EUR;pricegroup-fr; 
 ;300611803;EUR;28,31 GBP , 34,95 EUR;pricegroup-fr; 
 ;300756150;EUR;28,31 GBP , 34,95 EUR;pricegroup-fr; 
 ;300756151;EUR;28,31 GBP , 34,95 EUR;pricegroup-fr; 
 ;300756152;EUR;28,31 GBP , 34,95 EUR;pricegroup-fr; 
 ;300756153;EUR;28,31 GBP , 34,95 EUR;pricegroup-fr; 
 ;300756154;EUR;28,31 GBP , 34,95 EUR;pricegroup-fr; 
 ;300604611;EUR;28,31 GBP , 34,95 EUR;pricegroup-fr; 
 ;300604615;EUR;28,31 GBP , 34,95 EUR;pricegroup-fr; 
 ;300604614;EUR;28,31 GBP , 34,95 EUR;pricegroup-fr; 
 ;300604613;EUR;28,31 GBP , 34,95 EUR;pricegroup-fr; 
 ;300604612;EUR;28,31 GBP , 34,95 EUR;pricegroup-fr; 
 ;300610765;EUR;28,31 GBP , 34,95 EUR;pricegroup-fr; 
 ;300610764;EUR;28,31 GBP , 34,95 EUR;pricegroup-fr; 
 ;300610763;EUR;28,31 GBP , 34,95 EUR;pricegroup-fr; 
 ;300610762;EUR;28,31 GBP , 34,95 EUR;pricegroup-fr; 
 ;300610761;EUR;28,31 GBP , 34,95 EUR;pricegroup-fr; 
 ;300610760;EUR;28,31 GBP , 34,95 EUR;pricegroup-fr; 
 ;300610759;EUR;28,31 GBP , 34,95 EUR;pricegroup-fr; 
 ;300610758;EUR;28,31 GBP , 34,95 EUR;pricegroup-fr; 
 ;300610768;EUR;28,31 GBP , 34,95 EUR;pricegroup-fr; 
 ;300610767;EUR;28,31 GBP , 34,95 EUR;pricegroup-fr; 
 ;300610766;EUR;28,31 GBP , 34,95 EUR;pricegroup-fr; 
 ;300610769;EUR;28,31 GBP , 34,95 EUR;pricegroup-fr; 
 ;300608387;EUR;24,26 GBP , 29,95 EUR;pricegroup-fr; 
 ;300608386;EUR;24,26 GBP , 29,95 EUR;pricegroup-fr; 
 ;300608389;EUR;24,26 GBP , 29,95 EUR;pricegroup-fr; 
 ;300608388;EUR;24,26 GBP , 29,95 EUR;pricegroup-fr; 
 ;300608390;EUR;24,26 GBP , 29,95 EUR;pricegroup-fr; 
 ;300608395;EUR;24,26 GBP , 29,95 EUR;pricegroup-fr; 
 ;300608392;EUR;24,26 GBP , 29,95 EUR;pricegroup-fr; 
 ;300608391;EUR;24,26 GBP , 29,95 EUR;pricegroup-fr; 
 ;300608393;EUR;24,26 GBP , 29,95 EUR;pricegroup-fr; 
 ;300608396;EUR;24,26 GBP , 29,95 EUR;pricegroup-fr; 
 ;300608398;EUR;24,26 GBP , 29,95 EUR;pricegroup-fr; 
 ;300608397;EUR;24,26 GBP , 29,95 EUR;pricegroup-fr; 
 ;300608400;EUR;24,26 GBP , 29,95 EUR;pricegroup-fr; 
 ;300495181;EUR;17,78 GBP , 21,95 EUR;pricegroup-fr; 
 ;300495178;EUR;17,78 GBP , 21,95 EUR;pricegroup-fr; 
 ;300495175;EUR;17,78 GBP , 21,95 EUR;pricegroup-fr; 
 ;300404090;EUR;20,21 GBP , 24,95 EUR;pricegroup-fr; 
 ;300404092;EUR;20,21 GBP , 24,95 EUR;pricegroup-fr; 
 ;300439075;EUR;24,26 GBP , 29,95 EUR;pricegroup-fr; 
 ;300439074;EUR;24,26 GBP , 29,95 EUR;pricegroup-fr; 
 ;300439071;EUR;24,26 GBP , 29,95 EUR;pricegroup-fr; 
 ;300608401;EUR;24,26 GBP , 29,95 EUR;pricegroup-fr; 
 ;300608402;EUR;24,26 GBP , 29,95 EUR;pricegroup-fr; 
 ;300608405;EUR;24,26 GBP , 29,95 EUR;pricegroup-fr; 
 ;300608403;EUR;24,26 GBP , 29,95 EUR;pricegroup-fr; 
 ;300736128;EUR;24,26 GBP , 29,95 EUR;pricegroup-fr; 
 ;300736133;EUR;24,26 GBP , 29,95 EUR;pricegroup-fr; 
 ;300717428;EUR;21,83 GBP , 26,95 EUR;pricegroup-fr; 
 ;300717429;EUR;21,83 GBP , 26,95 EUR;pricegroup-fr; 
 ;300717432;EUR;21,83 GBP , 26,95 EUR;pricegroup-fr; 
 ;300717430;EUR;21,83 GBP , 26,95 EUR;pricegroup-fr; 
 ;300717423;EUR;21,83 GBP , 26,95 EUR;pricegroup-fr; 
 ;300717425;EUR;21,83 GBP , 26,95 EUR;pricegroup-fr; 
 ;300717424;EUR;21,83 GBP , 26,95 EUR;pricegroup-fr; 
 ;300717427;EUR;21,83 GBP , 26,95 EUR;pricegroup-fr; 
 ;300717426;EUR;21,83 GBP , 26,95 EUR;pricegroup-fr; 
 ;300717444;EUR;21,83 GBP , 26,95 EUR;pricegroup-fr; 
 ;300717445;EUR;21,83 GBP , 26,95 EUR;pricegroup-fr; 
 ;300717443;EUR;21,83 GBP , 26,95 EUR;pricegroup-fr; 
 ;300615286;EUR;21,83 GBP , 26,95 EUR;pricegroup-fr; 
 ;300615287;EUR;21,83 GBP , 26,95 EUR;pricegroup-fr; 
 ;300615288;EUR;21,83 GBP , 26,95 EUR;pricegroup-fr; 
 ;300615289;EUR;21,83 GBP , 26,95 EUR;pricegroup-fr; 
 ;300615290;EUR;21,83 GBP , 26,95 EUR;pricegroup-fr; 
 ;300717435;EUR;21,83 GBP , 26,95 EUR;pricegroup-fr; 
 ;300717437;EUR;21,83 GBP , 26,95 EUR;pricegroup-fr; 
 ;300717433;EUR;21,83 GBP , 26,95 EUR;pricegroup-fr; 
 ;300717434;EUR;21,83 GBP , 26,95 EUR;pricegroup-fr; 
 ;300717440;EUR;21,83 GBP , 26,95 EUR;pricegroup-fr; 
 ;300717439;EUR;21,83 GBP , 26,95 EUR;pricegroup-fr; 
 ;300614712;EUR;28,31 GBP , 34,95 EUR;pricegroup-fr; 
 ;300614713;EUR;28,31 GBP , 34,95 EUR;pricegroup-fr; 
 ;300614710;EUR;28,31 GBP , 34,95 EUR;pricegroup-fr; 
 ;300614711;EUR;28,31 GBP , 34,95 EUR;pricegroup-fr; 
 ;300604624;EUR;28,31 GBP , 34,95 EUR;pricegroup-fr; 
 ;300604625;EUR;28,31 GBP , 34,95 EUR;pricegroup-fr; 
 ;300604622;EUR;28,31 GBP , 34,95 EUR;pricegroup-fr; 
 ;300604623;EUR;28,31 GBP , 34,95 EUR;pricegroup-fr; 
 ;300604627;EUR;28,31 GBP , 34,95 EUR;pricegroup-fr; 
 ;300604626;EUR;28,31 GBP , 34,95 EUR;pricegroup-fr; 
 ;300611880;EUR;24,26 GBP , 29,95 EUR;pricegroup-fr; 
 ;300611881;EUR;24,26 GBP , 29,95 EUR;pricegroup-fr; 
 ;300611884;EUR;24,26 GBP , 29,95 EUR;pricegroup-fr; 
 ;300611885;EUR;24,26 GBP , 29,95 EUR;pricegroup-fr; 
 ;300650114;EUR;11,30 GBP , 13,95 EUR;pricegroup-fr; 
 ;300564390;EUR;11,30 GBP , 13,95 EUR;pricegroup-fr; 
 ;300459466;EUR;24,26 GBP , 29,95 EUR;pricegroup-fr; 
 ;300564385;EUR;11,30 GBP , 13,95 EUR;pricegroup-fr; 
 ;300756252;EUR;36,41 GBP , 44,95 EUR;pricegroup-fr; 
 ;300639541;EUR;36,41 GBP , 44,95 EUR;pricegroup-fr; 
 ;300639540;EUR;36,41 GBP , 44,95 EUR;pricegroup-fr; 
 ;300416127;EUR;28,31 GBP , 34,95 EUR;pricegroup-fr; 
 ;300416129;EUR;28,31 GBP , 34,95 EUR;pricegroup-fr; 
 ;300416139;EUR;28,31 GBP , 34,95 EUR;pricegroup-fr; 
 ;300416140;EUR;28,31 GBP , 34,95 EUR;pricegroup-fr; 
 ;300562200;EUR;485,96 GBP , 599,95 EUR;pricegroup-fr; 
 ;300417321;EUR;17,78 GBP , 21,95 EUR;pricegroup-fr; 
 ;300417310;EUR;17,78 GBP , 21,95 EUR;pricegroup-fr; 
 ;300417324;EUR;17,78 GBP , 21,95 EUR;pricegroup-fr; 
 ;300398794;EUR;32,36 GBP , 39,95 EUR;pricegroup-fr; 
 ;300398801;EUR;32,36 GBP , 39,95 EUR;pricegroup-fr; 
